"Series";"Time";"Value"
"Average sig_qual";"2019-05-07T20:00:00-04:00";82.977
"Average sig_qual";"2019-05-08T20:00:00-04:00";84.285
"Average sig_qual";"2019-05-09T20:00:00-04:00";84.299
"Average sig_qual";"2019-05-10T20:00:00-04:00";83.226
"Average sig_qual";"2019-05-11T20:00:00-04:00";83.448
"Average sig_qual";"2019-05-12T20:00:00-04:00";82.284
"Average sig_qual";"2019-05-13T20:00:00-04:00";84.368
"Average sig_qual";"2019-05-14T20:00:00-04:00";84.425
"Average sig_qual";"2019-05-15T20:00:00-04:00";82.217
"Average sig_qual";"2019-05-16T20:00:00-04:00";83.753
"Average sig_qual";"2019-05-17T20:00:00-04:00";84.894
"Average sig_qual";"2019-05-18T20:00:00-04:00";89.495
"Average sig_qual";"2019-05-19T20:00:00-04:00";85.806
"Average sig_qual";"2019-05-20T20:00:00-04:00";87.319
"Average sig_qual";"2019-05-21T20:00:00-04:00";82.962
"Average sig_qual";"2019-05-22T20:00:00-04:00";84.867
"Average sig_qual";"2019-05-23T20:00:00-04:00";85.68
"Average sig_qual";"2019-05-24T20:00:00-04:00";86.338
"Average sig_qual";"2019-05-25T20:00:00-04:00";87.082
"Average sig_qual";"2019-05-26T20:00:00-04:00";88.899
"Average sig_qual";"2019-05-27T20:00:00-04:00";87.854
"Average sig_qual";"2019-05-28T20:00:00-04:00";86.548
"Average sig_qual";"2019-05-29T20:00:00-04:00";87.204
"Average sig_qual";"2019-05-30T20:00:00-04:00";84.907
"Average sig_qual";"2019-05-31T20:00:00-04:00";86.765
"Average sig_qual";"2019-06-01T20:00:00-04:00";85.732
"Average sig_qual";"2019-06-02T20:00:00-04:00";83.335
"Average sig_qual";"2019-06-03T20:00:00-04:00";83.309
"Average sig_qual";"2019-06-04T20:00:00-04:00";83.115
"Average sig_qual";"2019-06-05T20:00:00-04:00";84.513
"Average sig_qual";"2019-06-06T20:00:00-04:00";85.683
"Average sig_qual";"2019-06-07T20:00:00-04:00";83.799
"Average sig_qual";"2019-06-08T20:00:00-04:00";84.471
"Average sig_qual";"2019-06-09T20:00:00-04:00";84.893
"Average sig_qual";"2019-06-10T20:00:00-04:00";86.949
"Average sig_qual";"2019-06-11T20:00:00-04:00";88.95
"Average sig_qual";"2019-06-12T20:00:00-04:00";89.334
"Average sig_qual";"2019-06-13T20:00:00-04:00";83.823
"Average sig_qual";"2019-06-14T20:00:00-04:00";87.234
"Average sig_qual";"2019-06-15T20:00:00-04:00";89.021
"Average sig_qual";"2019-06-16T20:00:00-04:00";80.439
"Average sig_qual";"2019-06-17T20:00:00-04:00";82.717
"Average sig_qual";"2019-06-18T20:00:00-04:00";83.894
"Average sig_qual";"2019-06-19T20:00:00-04:00";83.495
"Average sig_qual";"2019-06-20T20:00:00-04:00";80.001
"Average sig_qual";"2019-06-21T20:00:00-04:00";83.896
"Average sig_qual";"2019-06-22T20:00:00-04:00";85.338
"Average sig_qual";"2019-06-23T20:00:00-04:00";86.727
"Average sig_qual";"2019-06-24T20:00:00-04:00";86.341
"Average sig_qual";"2019-06-25T20:00:00-04:00";88.434
"Average sig_qual";"2019-06-26T20:00:00-04:00";85.061
"Average sig_qual";"2019-06-27T20:00:00-04:00";76.424
"Average sig_qual";"2019-06-28T20:00:00-04:00";78.266
"Average sig_qual";"2019-06-29T20:00:00-04:00";72.057
"Average sig_qual";"2019-06-30T20:00:00-04:00";78.356
"Average sig_qual";"2019-07-01T20:00:00-04:00";76.707
"Average sig_qual";"2019-07-02T20:00:00-04:00";null
"Average sig_qual";"2019-07-03T20:00:00-04:00";null
"Average sig_qual";"2019-07-04T20:00:00-04:00";null
"Average sig_qual";"2019-07-05T20:00:00-04:00";null
"Average sig_qual";"2019-07-06T20:00:00-04:00";null
"Average sig_qual";"2019-07-07T20:00:00-04:00";78.396
"Average sig_qual";"2019-07-08T20:00:00-04:00";78.073
"Average sig_qual";"2019-07-09T20:00:00-04:00";80.27
"Average sig_qual";"2019-07-10T20:00:00-04:00";82.057
"Average sig_qual";"2019-07-11T20:00:00-04:00";82.703
"Average sig_qual";"2019-07-12T20:00:00-04:00";80.499
"Average sig_qual";"2019-07-13T20:00:00-04:00";77.7
"Average sig_qual";"2019-07-14T20:00:00-04:00";79.645
"Average sig_qual";"2019-07-15T20:00:00-04:00";83.51
"Average sig_qual";"2019-07-16T20:00:00-04:00";78.978
"Average sig_qual";"2019-07-17T20:00:00-04:00";80.921
"Average sig_qual";"2019-07-18T20:00:00-04:00";80.495
"Average sig_qual";"2019-07-19T20:00:00-04:00";77.267
"Average sig_qual";"2019-07-20T20:00:00-04:00";77.397
"Average sig_qual";"2019-07-21T20:00:00-04:00";77.236
"Average sig_qual";"2019-07-22T20:00:00-04:00";76.453
"Average sig_qual";"2019-07-23T20:00:00-04:00";75.919
"Average sig_qual";"2019-07-24T20:00:00-04:00";81.272
"Average sig_qual";"2019-07-25T20:00:00-04:00";78.611
"Average sig_qual";"2019-07-26T20:00:00-04:00";78.571
"Average sig_qual";"2019-07-27T20:00:00-04:00";78.19
"Average sig_qual";"2019-07-28T20:00:00-04:00";78.205
"Average sig_qual";"2019-07-29T20:00:00-04:00";79.719
"Average sig_qual";"2019-07-30T20:00:00-04:00";77.417
"Average sig_qual";"2019-07-31T20:00:00-04:00";78.299
"Average sig_qual";"2019-08-01T20:00:00-04:00";79.975
"Average sig_qual";"2019-08-02T20:00:00-04:00";80.004
"Average sig_qual";"2019-08-03T20:00:00-04:00";80.279
"Average sig_qual";"2019-08-04T20:00:00-04:00";80.039
"Average sig_qual";"2019-08-05T20:00:00-04:00";75.262
"Average sig_qual";"2019-08-06T20:00:00-04:00";74.578
"Average sig_qual";"2019-08-07T20:00:00-04:00";78.179
"Average sig_qual";"2019-08-08T20:00:00-04:00";82.625
"Average sig_qual";"2019-08-09T20:00:00-04:00";83.776
"Average sig_qual";"2019-08-10T20:00:00-04:00";81.052
"Average sig_qual";"2019-08-11T20:00:00-04:00";81.62
"Average sig_qual";"2019-08-12T20:00:00-04:00";83.973
"Average sig_qual";"2019-08-13T20:00:00-04:00";84.414
"Average sig_qual";"2019-08-14T20:00:00-04:00";83.559
"Average sig_qual";"2019-08-15T20:00:00-04:00";82.445
"Average sig_qual";"2019-08-16T20:00:00-04:00";81.664
"Average sig_qual";"2019-08-17T20:00:00-04:00";78.142
"Average sig_qual";"2019-08-18T20:00:00-04:00";77.313
"Average sig_qual";"2019-08-19T20:00:00-04:00";75.669
"Average sig_qual";"2019-08-20T20:00:00-04:00";74.694
"Average sig_qual";"2019-08-21T20:00:00-04:00";84.539
"Average sig_qual";"2019-08-22T20:00:00-04:00";87.547
"Average sig_qual";"2019-08-23T20:00:00-04:00";85.194
"Average sig_qual";"2019-08-24T20:00:00-04:00";86.105
"Average sig_qual";"2019-08-25T20:00:00-04:00";90.704
"Average sig_qual";"2019-08-26T20:00:00-04:00";90.506
"Average sig_qual";"2019-08-27T20:00:00-04:00";87.627
"Average sig_qual";"2019-08-28T20:00:00-04:00";87.966
"Average sig_qual";"2019-08-29T20:00:00-04:00";89.216
"Average sig_qual";"2019-08-30T20:00:00-04:00";90.244
"Average sig_qual";"2019-08-31T20:00:00-04:00";91.366
"Average sig_qual";"2019-09-01T20:00:00-04:00";90.116
"Average sig_qual";"2019-09-02T20:00:00-04:00";88.143
"Average sig_qual";"2019-09-03T20:00:00-04:00";86.232
"Average sig_qual";"2019-09-04T20:00:00-04:00";87.837
"Average sig_qual";"2019-09-05T20:00:00-04:00";89.421
"Average sig_qual";"2019-09-06T20:00:00-04:00";89.905
"Average sig_qual";"2019-09-07T20:00:00-04:00";91.368
"Average sig_qual";"2019-09-08T20:00:00-04:00";90.422
"Average sig_qual";"2019-09-09T20:00:00-04:00";90.967
"Average sig_qual";"2019-09-10T20:00:00-04:00";89.457
"Average sig_qual";"2019-09-11T20:00:00-04:00";89.493
"Average sig_qual";"2019-09-12T20:00:00-04:00";91.259
"Average sig_qual";"2019-09-13T20:00:00-04:00";90.859
"Average sig_qual";"2019-09-14T20:00:00-04:00";90.381
"Average sig_qual";"2019-09-15T20:00:00-04:00";90.782
"Average sig_qual";"2019-09-16T20:00:00-04:00";80.413
"Average sig_qual";"2019-09-17T20:00:00-04:00";91.83
"Average sig_qual";"2019-09-18T20:00:00-04:00";92.906
"Average sig_qual";"2019-09-19T20:00:00-04:00";90.363
"Average sig_qual";"2019-09-20T20:00:00-04:00";92.667
"Average sig_qual";"2019-09-21T20:00:00-04:00";91.821
"Average sig_qual";"2019-09-22T20:00:00-04:00";90.973
"Average sig_qual";"2019-09-23T20:00:00-04:00";88.313
"Average sig_qual";"2019-09-24T20:00:00-04:00";92.067
"Average sig_qual";"2019-09-25T20:00:00-04:00";89.748
"Average sig_qual";"2019-09-26T20:00:00-04:00";88.259
"Average sig_qual";"2019-09-27T20:00:00-04:00";86.226
"Average sig_qual";"2019-09-28T20:00:00-04:00";86.006
"Average sig_qual";"2019-09-29T20:00:00-04:00";84.782
"Average sig_qual";"2019-09-30T20:00:00-04:00";79.954
"Average sig_qual";"2019-10-01T20:00:00-04:00";81.443
"Average sig_qual";"2019-10-02T20:00:00-04:00";85.373
"Average sig_qual";"2019-10-03T20:00:00-04:00";84.517
"Average sig_qual";"2019-10-04T20:00:00-04:00";85.282
"Average sig_qual";"2019-10-05T20:00:00-04:00";86.098
"Average sig_qual";"2019-10-06T20:00:00-04:00";82.758
"Average sig_qual";"2019-10-07T20:00:00-04:00";83.257
"Average sig_qual";"2019-10-08T20:00:00-04:00";88.748
"Average sig_qual";"2019-10-09T20:00:00-04:00";86.606
"Average sig_qual";"2019-10-10T20:00:00-04:00";90.696
"Average sig_qual";"2019-10-11T20:00:00-04:00";90.112
"Average sig_qual";"2019-10-12T20:00:00-04:00";90.557
"Average sig_qual";"2019-10-13T20:00:00-04:00";85.712
"Average sig_qual";"2019-10-14T20:00:00-04:00";86.08
"Average sig_qual";"2019-10-15T20:00:00-04:00";90.221
"Average sig_qual";"2019-10-16T20:00:00-04:00";86.245
"Average sig_qual";"2019-10-17T20:00:00-04:00";89.616
"Average sig_qual";"2019-10-18T20:00:00-04:00";83.864
"Average sig_qual";"2019-10-19T20:00:00-04:00";77.196
"Average sig_qual";"2019-10-20T20:00:00-04:00";85.605
"Average sig_qual";"2019-10-21T20:00:00-04:00";87.061
"Average sig_qual";"2019-10-22T20:00:00-04:00";83.12
"Average sig_qual";"2019-10-23T20:00:00-04:00";84.699
"Average sig_qual";"2019-10-24T20:00:00-04:00";85.241
"Average sig_qual";"2019-10-25T20:00:00-04:00";83.568
"Average sig_qual";"2019-10-26T20:00:00-04:00";87.598
"Average sig_qual";"2019-10-27T20:00:00-04:00";85.515
"Average sig_qual";"2019-10-28T20:00:00-04:00";81.086
"Average sig_qual";"2019-10-29T20:00:00-04:00";83.442
"Average sig_qual";"2019-10-30T20:00:00-04:00";84.046
"Average sig_qual";"2019-10-31T20:00:00-04:00";82.588
"Average sig_qual";"2019-11-01T20:00:00-04:00";85.973
"Average sig_qual";"2019-11-02T20:00:00-04:00";83.922
"Average sig_qual";"2019-11-03T19:00:00-05:00";85.731
"Average sig_qual";"2019-11-04T19:00:00-05:00";82.73
"Average sig_qual";"2019-11-05T19:00:00-05:00";80.407
"Average sig_qual";"2019-11-06T19:00:00-05:00";83.454
"Average sig_qual";"2019-11-07T19:00:00-05:00";80.657
"Average sig_qual";"2019-11-08T19:00:00-05:00";77.211
"Average sig_qual";"2019-11-09T19:00:00-05:00";79.706
"Average sig_qual";"2019-11-10T19:00:00-05:00";81.429
"Average sig_qual";"2019-11-11T19:00:00-05:00";82.831
"Average sig_qual";"2019-11-12T19:00:00-05:00";81.56
"Average sig_qual";"2019-11-13T19:00:00-05:00";78.834
"Average sig_qual";"2019-11-14T19:00:00-05:00";76.991
"Average sig_qual";"2019-11-15T19:00:00-05:00";82.576
"Average sig_qual";"2019-11-16T19:00:00-05:00";81.46
"Average sig_qual";"2019-11-17T19:00:00-05:00";82.862
"Average sig_qual";"2019-11-18T19:00:00-05:00";81.546
"Average sig_qual";"2019-11-19T19:00:00-05:00";81.492
"Average sig_qual";"2019-11-20T19:00:00-05:00";83.052
"Average sig_qual";"2019-11-21T19:00:00-05:00";83.423
"Average sig_qual";"2019-11-22T19:00:00-05:00";85.492
"Average sig_qual";"2019-11-23T19:00:00-05:00";89.313
"Average sig_qual";"2019-11-24T19:00:00-05:00";84.201
"Average sig_qual";"2019-11-25T19:00:00-05:00";82.83
"Average sig_qual";"2019-11-26T19:00:00-05:00";84.579
"Average sig_qual";"2019-11-27T19:00:00-05:00";85.586
"Average sig_qual";"2019-11-28T19:00:00-05:00";85.363
"Average sig_qual";"2019-11-29T19:00:00-05:00";83.717
"Average sig_qual";"2019-11-30T19:00:00-05:00";86.264
"Average sig_qual";"2019-12-01T19:00:00-05:00";89.202
"Average sig_qual";"2019-12-02T19:00:00-05:00";81.747
"Average sig_qual";"2019-12-03T19:00:00-05:00";82.082
"Average sig_qual";"2019-12-04T19:00:00-05:00";82.976
"Average sig_qual";"2019-12-05T19:00:00-05:00";82.156
"Average sig_qual";"2019-12-06T19:00:00-05:00";86.365
"Average sig_qual";"2019-12-07T19:00:00-05:00";82.841
"Average sig_qual";"2019-12-08T19:00:00-05:00";82.134
"Average sig_qual";"2019-12-09T19:00:00-05:00";84.406
"Average sig_qual";"2019-12-10T19:00:00-05:00";78.122
"Average sig_qual";"2019-12-11T19:00:00-05:00";86.771
"Average sig_qual";"2019-12-12T19:00:00-05:00";79.412
"Average sig_qual";"2019-12-13T19:00:00-05:00";78.052
"Average sig_qual";"2019-12-14T19:00:00-05:00";81.162
"Average sig_qual";"2019-12-15T19:00:00-05:00";77.396
"Average sig_qual";"2019-12-16T19:00:00-05:00";78.331
"Average sig_qual";"2019-12-17T19:00:00-05:00";78.528
"Average sig_qual";"2019-12-18T19:00:00-05:00";76.355
"Average sig_qual";"2019-12-19T19:00:00-05:00";80.451
"Average sig_qual";"2019-12-20T19:00:00-05:00";79.808
"Average sig_qual";"2019-12-21T19:00:00-05:00";78.817
"Average sig_qual";"2019-12-22T19:00:00-05:00";78.577
"Average sig_qual";"2019-12-23T19:00:00-05:00";80.198
"Average sig_qual";"2019-12-24T19:00:00-05:00";83.261
"Average sig_qual";"2019-12-25T19:00:00-05:00";75.278
"Average sig_qual";"2019-12-26T19:00:00-05:00";75.843
"Average sig_qual";"2019-12-27T19:00:00-05:00";77.629
"Average sig_qual";"2019-12-28T19:00:00-05:00";77.979
"Average sig_qual";"2019-12-29T19:00:00-05:00";81.019
"Average sig_qual";"2019-12-30T19:00:00-05:00";81.733
"Average sig_qual";"2019-12-31T19:00:00-05:00";78.122
"Average sig_qual";"2020-01-01T19:00:00-05:00";76.924
"Average sig_qual";"2020-01-02T19:00:00-05:00";77.961
"Average sig_qual";"2020-01-03T19:00:00-05:00";77.265
"Average sig_qual";"2020-01-04T19:00:00-05:00";74.771
"Average sig_qual";"2020-01-05T19:00:00-05:00";75.21
"Average sig_qual";"2020-01-06T19:00:00-05:00";74.956
"Average sig_qual";"2020-01-07T19:00:00-05:00";77.716
"Average sig_qual";"2020-01-08T19:00:00-05:00";77.879
"Average sig_qual";"2020-01-09T19:00:00-05:00";78.755
"Average sig_qual";"2020-01-10T19:00:00-05:00";76.974
"Average sig_qual";"2020-01-11T19:00:00-05:00";75.925
"Average sig_qual";"2020-01-12T19:00:00-05:00";78.53
"Average sig_qual";"2020-01-13T19:00:00-05:00";77.719
"Average sig_qual";"2020-01-14T19:00:00-05:00";72.492
"Average sig_qual";"2020-01-15T19:00:00-05:00";79.352
"Average sig_qual";"2020-01-16T19:00:00-05:00";82.681
"Average sig_qual";"2020-01-17T19:00:00-05:00";83.01
"Average sig_qual";"2020-01-18T19:00:00-05:00";84.953
"Average sig_qual";"2020-01-19T19:00:00-05:00";82.326
"Average sig_qual";"2020-01-20T19:00:00-05:00";82.594
"Average sig_qual";"2020-01-21T19:00:00-05:00";81.597
"Average sig_qual";"2020-01-22T19:00:00-05:00";79.661
"Average sig_qual";"2020-01-23T19:00:00-05:00";78.318
"Average sig_qual";"2020-01-24T19:00:00-05:00";80.955
"Average sig_qual";"2020-01-25T19:00:00-05:00";83.121
"Average sig_qual";"2020-01-26T19:00:00-05:00";84.539
"Average sig_qual";"2020-01-27T19:00:00-05:00";null
"Average sig_qual";"2020-01-28T19:00:00-05:00";null
"Average sig_qual";"2020-01-29T19:00:00-05:00";null
"Average sig_qual";"2020-01-30T19:00:00-05:00";65.649
"Average sig_qual";"2020-01-31T19:00:00-05:00";65.219
"Average sig_qual";"2020-02-01T19:00:00-05:00";64.416
"Average sig_qual";"2020-02-02T19:00:00-05:00";68.235
"Average sig_qual";"2020-02-03T19:00:00-05:00";69.121
"Average sig_qual";"2020-02-04T19:00:00-05:00";79.929
"Average sig_qual";"2020-02-05T19:00:00-05:00";84.168
"Average sig_qual";"2020-02-06T19:00:00-05:00";77.895
"Average sig_qual";"2020-02-07T19:00:00-05:00";85.357
"Average sig_qual";"2020-02-08T19:00:00-05:00";71.48
"Average sig_qual";"2020-02-09T19:00:00-05:00";82.071
"Average sig_qual";"2020-02-10T19:00:00-05:00";75.827
"Average sig_qual";"2020-02-11T19:00:00-05:00";83.276
"Average sig_qual";"2020-02-12T19:00:00-05:00";79.248
"Average sig_qual";"2020-02-13T19:00:00-05:00";76.123
"Average sig_qual";"2020-02-14T19:00:00-05:00";74.21
"Average sig_qual";"2020-02-15T19:00:00-05:00";64.874
"Average sig_qual";"2020-02-16T19:00:00-05:00";77.331
"Average sig_qual";"2020-02-17T19:00:00-05:00";75.647
"Average sig_qual";"2020-02-18T19:00:00-05:00";70.705
"Average sig_qual";"2020-02-19T19:00:00-05:00";71.894
"Average sig_qual";"2020-02-20T19:00:00-05:00";73.633
"Average sig_qual";"2020-02-21T19:00:00-05:00";51.018
"Average sig_qual";"2020-02-22T19:00:00-05:00";82.77
"Average sig_qual";"2020-02-23T19:00:00-05:00";83.381
"Average sig_qual";"2020-02-24T19:00:00-05:00";79.908
"Average sig_qual";"2020-02-25T19:00:00-05:00";82.365
"Average sig_qual";"2020-02-26T19:00:00-05:00";85.054
"Average sig_qual";"2020-02-27T19:00:00-05:00";88.362
"Average sig_qual";"2020-02-28T19:00:00-05:00";77.362
"Average sig_qual";"2020-02-29T19:00:00-05:00";80.094
"Average sig_qual";"2020-03-01T19:00:00-05:00";79.655
"Average sig_qual";"2020-03-02T19:00:00-05:00";81.097
"Average sig_qual";"2020-03-03T19:00:00-05:00";80.958
"Average sig_qual";"2020-03-04T19:00:00-05:00";74.662
"Average sig_qual";"2020-03-05T19:00:00-05:00";80.536
"Average sig_qual";"2020-03-06T19:00:00-05:00";76.001
"Average sig_qual";"2020-03-07T19:00:00-05:00";86.322
"Average sig_qual";"2020-03-08T20:00:00-04:00";86.53
"Average sig_qual";"2020-03-09T20:00:00-04:00";81.307
"Average sig_qual";"2020-03-10T20:00:00-04:00";74.888
"Average sig_qual";"2020-03-11T20:00:00-04:00";80.058
"Average sig_qual";"2020-03-12T20:00:00-04:00";74.71
"Average sig_qual";"2020-03-13T20:00:00-04:00";79.665
"Average sig_qual";"2020-03-14T20:00:00-04:00";78.69
"Average sig_qual";"2020-03-15T20:00:00-04:00";76.103
"Average sig_qual";"2020-03-16T20:00:00-04:00";74.06
"Average sig_qual";"2020-03-17T20:00:00-04:00";72.817
"Average sig_qual";"2020-03-18T20:00:00-04:00";78.687
"Average sig_qual";"2020-03-19T20:00:00-04:00";73.429
"Average sig_qual";"2020-03-20T20:00:00-04:00";79.387
"Average sig_qual";"2020-03-21T20:00:00-04:00";71.732
"Average sig_qual";"2020-03-22T20:00:00-04:00";80.979
"Average sig_qual";"2020-03-23T20:00:00-04:00";77.77
"Average sig_qual";"2020-03-24T20:00:00-04:00";81.929
"Average sig_qual";"2020-03-25T20:00:00-04:00";82.201
"Average sig_qual";"2020-03-26T20:00:00-04:00";77.499
"Average sig_qual";"2020-03-27T20:00:00-04:00";77.741
"Average sig_qual";"2020-03-28T20:00:00-04:00";82.176
"Average sig_qual";"2020-03-29T20:00:00-04:00";82.646
"Average sig_qual";"2020-03-30T20:00:00-04:00";74.087
"Average sig_qual";"2020-03-31T20:00:00-04:00";77.463
"Average sig_qual";"2020-04-01T20:00:00-04:00";83.119
"Average sig_qual";"2020-04-02T20:00:00-04:00";86.087
"Average sig_qual";"2020-04-03T20:00:00-04:00";77.632
"Average sig_qual";"2020-04-04T20:00:00-04:00";80.75
"Average sig_qual";"2020-04-05T20:00:00-04:00";85.427
"Average sig_qual";"2020-04-06T20:00:00-04:00";80.655
"Average sig_qual";"2020-04-07T20:00:00-04:00";80.029
"Average sig_qual";"2020-04-08T20:00:00-04:00";81.853
"Average sig_qual";"2020-04-09T20:00:00-04:00";85.154
"Average sig_qual";"2020-04-10T20:00:00-04:00";80.077
"Average sig_qual";"2020-04-11T20:00:00-04:00";73.784
"Average sig_qual";"2020-04-12T20:00:00-04:00";74.706
"Average sig_qual";"2020-04-13T20:00:00-04:00";null
"Average sig_qual";"2020-04-14T20:00:00-04:00";null
"Average sig_qual";"2020-04-15T20:00:00-04:00";null
"Average sig_qual";"2020-04-16T20:00:00-04:00";null
"Average sig_qual";"2020-04-17T20:00:00-04:00";null
"Average sig_qual";"2020-04-18T20:00:00-04:00";null
"Average sig_qual";"2020-04-19T20:00:00-04:00";null
"Average sig_qual";"2020-04-20T20:00:00-04:00";null
"Average sig_qual";"2020-04-21T20:00:00-04:00";null
"Average sig_qual";"2020-04-22T20:00:00-04:00";null
"Average sig_qual";"2020-04-23T20:00:00-04:00";null
"Average sig_qual";"2020-04-24T20:00:00-04:00";null
"Average sig_qual";"2020-04-25T20:00:00-04:00";null
"Average sig_qual";"2020-04-26T20:00:00-04:00";null
"Average sig_qual";"2020-04-27T20:00:00-04:00";null
"Average sig_qual";"2020-04-28T20:00:00-04:00";null
"Average sig_qual";"2020-04-29T20:00:00-04:00";null
"Average sig_qual";"2020-04-30T20:00:00-04:00";null
"Average sig_qual";"2020-05-01T20:00:00-04:00";null
"Average sig_qual";"2020-05-02T20:00:00-04:00";null
"Average sig_qual";"2020-05-03T20:00:00-04:00";null
"Average sig_qual";"2020-05-04T20:00:00-04:00";null
"Average sig_qual";"2020-05-05T20:00:00-04:00";null
"Average sig_qual";"2020-05-06T20:00:00-04:00";null
"Average sig_qual";"2020-05-07T20:00:00-04:00";null
"Average sig_qual";"2020-05-08T20:00:00-04:00";null
"Average sig_qual";"2020-05-09T20:00:00-04:00";null
"Average sig_qual";"2020-05-10T20:00:00-04:00";null
"Average sig_qual";"2020-05-11T20:00:00-04:00";null
"Average sig_qual";"2020-05-12T20:00:00-04:00";null
"Average sig_qual";"2020-05-13T20:00:00-04:00";null
"Average sig_qual";"2020-05-14T20:00:00-04:00";null
"Average sig_qual";"2020-05-15T20:00:00-04:00";null
"Average sig_qual";"2020-05-16T20:00:00-04:00";null
"Average sig_qual";"2020-05-17T20:00:00-04:00";null
"Average sig_qual";"2020-05-18T20:00:00-04:00";null
"Average sig_qual";"2020-05-19T20:00:00-04:00";null
"Average sig_qual";"2020-05-20T20:00:00-04:00";null
"Average sig_qual";"2020-05-21T20:00:00-04:00";null
"Average sig_qual";"2020-05-22T20:00:00-04:00";null
"Average sig_qual";"2020-05-23T20:00:00-04:00";null
"Average sig_qual";"2020-05-24T20:00:00-04:00";null
"Average sig_qual";"2020-05-25T20:00:00-04:00";null
"Average sig_qual";"2020-05-26T20:00:00-04:00";null
"Average sig_qual";"2020-05-27T20:00:00-04:00";null
"Average sig_qual";"2020-05-28T20:00:00-04:00";null
"Average sig_qual";"2020-05-29T20:00:00-04:00";null
"Average sig_qual";"2020-05-30T20:00:00-04:00";null
"Average sig_qual";"2020-05-31T20:00:00-04:00";null
"Average sig_qual";"2020-06-01T20:00:00-04:00";null
"Average sig_qual";"2020-06-02T20:00:00-04:00";null
"Average sig_qual";"2020-06-03T20:00:00-04:00";null
"Average sig_qual";"2020-06-04T20:00:00-04:00";null
"Average sig_qual";"2020-06-05T20:00:00-04:00";null
"Average sig_qual";"2020-06-06T20:00:00-04:00";null
"Average sig_qual";"2020-06-07T20:00:00-04:00";null
"Average sig_qual";"2020-06-08T20:00:00-04:00";null
"Average sig_qual";"2020-06-09T20:00:00-04:00";null
"Average sig_qual";"2020-06-10T20:00:00-04:00";null
"Average sig_qual";"2020-06-11T20:00:00-04:00";null
"Average sig_qual";"2020-06-12T20:00:00-04:00";null
"Average sig_qual";"2020-06-13T20:00:00-04:00";null
"Average sig_qual";"2020-06-14T20:00:00-04:00";null
"Average sig_qual";"2020-06-15T20:00:00-04:00";null
"Average sig_qual";"2020-06-16T20:00:00-04:00";null
"Average sig_qual";"2020-06-17T20:00:00-04:00";null
"Average sig_qual";"2020-06-18T20:00:00-04:00";null
"Average sig_qual";"2020-06-19T20:00:00-04:00";null
"Average sig_qual";"2020-06-20T20:00:00-04:00";null
"Average sig_qual";"2020-06-21T20:00:00-04:00";null
"Average sig_qual";"2020-06-22T20:00:00-04:00";null
"Average sig_qual";"2020-06-23T20:00:00-04:00";null
"Average sig_qual";"2020-06-24T20:00:00-04:00";null
"Average sig_qual";"2020-06-25T20:00:00-04:00";null
"Average sig_qual";"2020-06-26T20:00:00-04:00";null
"Average sig_qual";"2020-06-27T20:00:00-04:00";null
"Average sig_qual";"2020-06-28T20:00:00-04:00";null
"Average sig_qual";"2020-06-29T20:00:00-04:00";null
"Average sig_qual";"2020-06-30T20:00:00-04:00";null
"Average sig_qual";"2020-07-01T20:00:00-04:00";null
"Average sig_qual";"2020-07-02T20:00:00-04:00";null
"Average sig_qual";"2020-07-03T20:00:00-04:00";null
"Average sig_qual";"2020-07-04T20:00:00-04:00";null
"Average sig_qual";"2020-07-05T20:00:00-04:00";null
"Average sig_qual";"2020-07-06T20:00:00-04:00";null
"Average sig_qual";"2020-07-07T20:00:00-04:00";null
"Average sig_qual";"2020-07-08T20:00:00-04:00";null
"Average sig_qual";"2020-07-09T20:00:00-04:00";null
"Average sig_qual";"2020-07-10T20:00:00-04:00";null
"Average sig_qual";"2020-07-11T20:00:00-04:00";null
"Average sig_qual";"2020-07-12T20:00:00-04:00";null
"Average sig_qual";"2020-07-13T20:00:00-04:00";null
"Average sig_qual";"2020-07-14T20:00:00-04:00";null
"Average sig_qual";"2020-07-15T20:00:00-04:00";null
"Average sig_qual";"2020-07-16T20:00:00-04:00";null
"Average sig_qual";"2020-07-17T20:00:00-04:00";null
"Average sig_qual";"2020-07-18T20:00:00-04:00";null
"Average sig_qual";"2020-07-19T20:00:00-04:00";null
"Average sig_qual";"2020-07-20T20:00:00-04:00";null
"Average sig_qual";"2020-07-21T20:00:00-04:00";null
"Average sig_qual";"2020-07-22T20:00:00-04:00";null
"Average sig_qual";"2020-07-23T20:00:00-04:00";null
"Average sig_qual";"2020-07-24T20:00:00-04:00";null
"Average sig_qual";"2020-07-25T20:00:00-04:00";null
"Average sig_qual";"2020-07-26T20:00:00-04:00";null
"Average sig_qual";"2020-07-27T20:00:00-04:00";null
"Average sig_qual";"2020-07-28T20:00:00-04:00";null
"Average sig_qual";"2020-07-29T20:00:00-04:00";null
"Average sig_qual";"2020-07-30T20:00:00-04:00";null
"Average sig_qual";"2020-07-31T20:00:00-04:00";null
"Average sig_qual";"2020-08-01T20:00:00-04:00";null
"Average sig_qual";"2020-08-02T20:00:00-04:00";null
"Average sig_qual";"2020-08-03T20:00:00-04:00";null
"Average sig_qual";"2020-08-04T20:00:00-04:00";null
"Average sig_qual";"2020-08-05T20:00:00-04:00";null
"Average sig_qual";"2020-08-06T20:00:00-04:00";null
"Average sig_qual";"2020-08-07T20:00:00-04:00";null
"Average sig_qual";"2020-08-08T20:00:00-04:00";null
"Average sig_qual";"2020-08-09T20:00:00-04:00";null
"Average sig_qual";"2020-08-10T20:00:00-04:00";null
"Average sig_qual";"2020-08-11T20:00:00-04:00";null
"Average sig_qual";"2020-08-12T20:00:00-04:00";null
"Average sig_qual";"2020-08-13T20:00:00-04:00";null
"Average sig_qual";"2020-08-14T20:00:00-04:00";null
"Average sig_qual";"2020-08-15T20:00:00-04:00";null
"Average sig_qual";"2020-08-16T20:00:00-04:00";null
"Average sig_qual";"2020-08-17T20:00:00-04:00";null
"Average sig_qual";"2020-08-18T20:00:00-04:00";null
"Average sig_qual";"2020-08-19T20:00:00-04:00";null
"Average sig_qual";"2020-08-20T20:00:00-04:00";null
"Average sig_qual";"2020-08-21T20:00:00-04:00";null
"Average sig_qual";"2020-08-22T20:00:00-04:00";null
"Average sig_qual";"2020-08-23T20:00:00-04:00";null
"Average sig_qual";"2020-08-24T20:00:00-04:00";null
"Average sig_qual";"2020-08-25T20:00:00-04:00";null
"Average sig_qual";"2020-08-26T20:00:00-04:00";null
"Average sig_qual";"2020-08-27T20:00:00-04:00";null
"Average sig_qual";"2020-08-28T20:00:00-04:00";null
"Average sig_qual";"2020-08-29T20:00:00-04:00";null
"Average sig_qual";"2020-08-30T20:00:00-04:00";null
"Average sig_qual";"2020-08-31T20:00:00-04:00";null
"Average sig_qual";"2020-09-01T20:00:00-04:00";null
"Average sig_qual";"2020-09-02T20:00:00-04:00";null
"Average sig_qual";"2020-09-03T20:00:00-04:00";null
"Average sig_qual";"2020-09-04T20:00:00-04:00";null
"Average sig_qual";"2020-09-05T20:00:00-04:00";null
"Average sig_qual";"2020-09-06T20:00:00-04:00";null
"Average sig_qual";"2020-09-07T20:00:00-04:00";null
"Average sig_qual";"2020-09-08T20:00:00-04:00";null
"Average sig_qual";"2020-09-09T20:00:00-04:00";null
"Average sig_qual";"2020-09-10T20:00:00-04:00";null
"Average sig_qual";"2020-09-11T20:00:00-04:00";null
"Average sig_qual";"2020-09-12T20:00:00-04:00";null
"Average sig_qual";"2020-09-13T20:00:00-04:00";null
"Average sig_qual";"2020-09-14T20:00:00-04:00";null
"Average sig_qual";"2020-09-15T20:00:00-04:00";null
"Average sig_qual";"2020-09-16T20:00:00-04:00";null
"Average sig_qual";"2020-09-17T20:00:00-04:00";null
"Average sig_qual";"2020-09-18T20:00:00-04:00";null
"Average sig_qual";"2020-09-19T20:00:00-04:00";null
"Average sig_qual";"2020-09-20T20:00:00-04:00";null
"Average sig_qual";"2020-09-21T20:00:00-04:00";null
"Average sig_qual";"2020-09-22T20:00:00-04:00";null
"Average sig_qual";"2020-09-23T20:00:00-04:00";null
"Average sig_qual";"2020-09-24T20:00:00-04:00";91.046
"Average sig_qual";"2020-09-25T20:00:00-04:00";74.142
"Average sig_qual";"2020-09-26T20:00:00-04:00";66.776
"Average sig_qual";"2020-09-27T20:00:00-04:00";86.867
"Average sig_qual";"2020-09-28T20:00:00-04:00";null
"Average sig_qual";"2020-09-29T20:00:00-04:00";null
"Average sig_qual";"2020-09-30T20:00:00-04:00";92.05
"Average sig_qual";"2020-10-01T20:00:00-04:00";80.012
"Average sig_qual";"2020-10-02T20:00:00-04:00";61.386
"Average sig_qual";"2020-10-03T20:00:00-04:00";63.226
"Average sig_qual";"2020-10-04T20:00:00-04:00";65.024
"Average sig_qual";"2020-10-05T20:00:00-04:00";82.834
"Average sig_qual";"2020-10-06T20:00:00-04:00";91.94
"Average sig_qual";"2020-10-07T20:00:00-04:00";92.813
"Average sig_qual";"2020-10-08T20:00:00-04:00";93.824
"Average sig_qual";"2020-10-09T20:00:00-04:00";93.306
"Average sig_qual";"2020-10-10T20:00:00-04:00";93.919
"Average sig_qual";"2020-10-11T20:00:00-04:00";88.997
"Average sig_qual";"2020-10-12T20:00:00-04:00";87.077
"Average sig_qual";"2020-10-13T20:00:00-04:00";86.853
"Average sig_qual";"2020-10-14T20:00:00-04:00";null
"Average sig_qual";"2020-10-15T20:00:00-04:00";null
"Average sig_qual";"2020-10-16T20:00:00-04:00";null
"Average sig_qual";"2020-10-17T20:00:00-04:00";null
"Average sig_qual";"2020-10-18T20:00:00-04:00";null
"Average sig_qual";"2020-10-19T20:00:00-04:00";null
"Average sig_qual";"2020-10-20T20:00:00-04:00";92.775
"Average sig_qual";"2020-10-21T20:00:00-04:00";88.392
"Average sig_qual";"2020-10-22T20:00:00-04:00";76.392
"Average sig_qual";"2020-10-23T20:00:00-04:00";79.631
"Average sig_qual";"2020-10-24T20:00:00-04:00";87.305
"Average sig_qual";"2020-10-25T20:00:00-04:00";92.208
"Average sig_qual";"2020-10-26T20:00:00-04:00";80.917
"Average sig_qual";"2020-10-27T20:00:00-04:00";85.838
"Average sig_qual";"2020-10-28T20:00:00-04:00";79.121
"Average sig_qual";"2020-10-29T20:00:00-04:00";82.665
"Average sig_qual";"2020-10-30T20:00:00-04:00";94.756
"Average sig_qual";"2020-10-31T20:00:00-04:00";84.137
"Average sig_qual";"2020-11-01T19:00:00-05:00";85.34
"Average sig_qual";"2020-11-02T19:00:00-05:00";93.108
"Average sig_qual";"2020-11-03T19:00:00-05:00";91.328
"Average sig_qual";"2020-11-04T19:00:00-05:00";81.654
"Average sig_qual";"2020-11-05T19:00:00-05:00";65.981
"Average sig_qual";"2020-11-06T19:00:00-05:00";79.811
"Average sig_qual";"2020-11-07T19:00:00-05:00";82.976
"Average sig_qual";"2020-11-08T19:00:00-05:00";85.915
"Average sig_qual";"2020-11-09T19:00:00-05:00";88.977
"Average sig_qual";"2020-11-10T19:00:00-05:00";83.536
"Average sig_qual";"2020-11-11T19:00:00-05:00";93.441
"Average sig_qual";"2020-11-12T19:00:00-05:00";80.081
"Average sig_qual";"2020-11-13T19:00:00-05:00";88.307
"Average sig_qual";"2020-11-14T19:00:00-05:00";86.162
"Average sig_qual";"2020-11-15T19:00:00-05:00";81.105
"Average sig_qual";"2020-11-16T19:00:00-05:00";null
"Average sig_qual";"2020-11-17T19:00:00-05:00";null
"Average sig_qual";"2020-11-18T19:00:00-05:00";null
"Average sig_qual";"2020-11-19T19:00:00-05:00";null
"Average sig_qual";"2020-11-20T19:00:00-05:00";null
"Average sig_qual";"2020-11-21T19:00:00-05:00";null
"Average sig_qual";"2020-11-22T19:00:00-05:00";null
"Average sig_qual";"2020-11-23T19:00:00-05:00";null
"Average sig_qual";"2020-11-24T19:00:00-05:00";null
"Average sig_qual";"2020-11-25T19:00:00-05:00";null
"Average sig_qual";"2020-11-26T19:00:00-05:00";null
"Average sig_qual";"2020-11-27T19:00:00-05:00";null
"Average sig_qual";"2020-11-28T19:00:00-05:00";null
"Average sig_qual";"2020-11-29T19:00:00-05:00";null
"Average sig_qual";"2020-11-30T19:00:00-05:00";null
"Average sig_qual";"2020-12-01T19:00:00-05:00";null
"Average sig_qual";"2020-12-02T19:00:00-05:00";null
"Average sig_qual";"2020-12-03T19:00:00-05:00";null
"Average sig_qual";"2020-12-04T19:00:00-05:00";null
"Average sig_qual";"2020-12-05T19:00:00-05:00";null
"Average sig_qual";"2020-12-06T19:00:00-05:00";null
"Average sig_qual";"2020-12-07T19:00:00-05:00";null
"Average sig_qual";"2020-12-08T19:00:00-05:00";null
"Average sig_qual";"2020-12-09T19:00:00-05:00";null
"Average sig_qual";"2020-12-10T19:00:00-05:00";null
"Average sig_qual";"2020-12-11T19:00:00-05:00";null
"Average sig_qual";"2020-12-12T19:00:00-05:00";null
"Average sig_qual";"2020-12-13T19:00:00-05:00";null
"Average sig_qual";"2020-12-14T19:00:00-05:00";null
"Average sig_qual";"2020-12-15T19:00:00-05:00";null
"Average sig_qual";"2020-12-16T19:00:00-05:00";null
"Average sig_qual";"2020-12-17T19:00:00-05:00";null
"Average sig_qual";"2020-12-18T19:00:00-05:00";null
"Average sig_qual";"2020-12-19T19:00:00-05:00";null
"Average sig_qual";"2020-12-20T19:00:00-05:00";null
"Average sig_qual";"2020-12-21T19:00:00-05:00";null
"Average sig_qual";"2020-12-22T19:00:00-05:00";null
"Average sig_qual";"2020-12-23T19:00:00-05:00";null
"Average sig_qual";"2020-12-24T19:00:00-05:00";null
"Average sig_qual";"2020-12-25T19:00:00-05:00";null
"Average sig_qual";"2020-12-26T19:00:00-05:00";null
"Average sig_qual";"2020-12-27T19:00:00-05:00";null
"Average sig_qual";"2020-12-28T19:00:00-05:00";null
"Average sig_qual";"2020-12-29T19:00:00-05:00";null
"Average sig_qual";"2020-12-30T19:00:00-05:00";null
"Average sig_qual";"2020-12-31T19:00:00-05:00";null
"Average sig_qual";"2021-01-01T19:00:00-05:00";null
"Average sig_qual";"2021-01-02T19:00:00-05:00";null
"Average sig_qual";"2021-01-03T19:00:00-05:00";null
"Average sig_qual";"2021-01-04T19:00:00-05:00";null
"Average sig_qual";"2021-01-05T19:00:00-05:00";null
"Average sig_qual";"2021-01-06T19:00:00-05:00";null
"Average sig_qual";"2021-01-07T19:00:00-05:00";null
"Average sig_qual";"2021-01-08T19:00:00-05:00";null
"Average sig_qual";"2021-01-09T19:00:00-05:00";null
"Average sig_qual";"2021-01-10T19:00:00-05:00";null
"Average sig_qual";"2021-01-11T19:00:00-05:00";null
"Average sig_qual";"2021-01-12T19:00:00-05:00";null
"Average sig_qual";"2021-01-13T19:00:00-05:00";null
"Average sig_qual";"2021-01-14T19:00:00-05:00";null
"Average sig_qual";"2021-01-15T19:00:00-05:00";null
"Average sig_qual";"2021-01-16T19:00:00-05:00";null
"Average sig_qual";"2021-01-17T19:00:00-05:00";null
"Average sig_qual";"2021-01-18T19:00:00-05:00";null
"Average sig_qual";"2021-01-19T19:00:00-05:00";null
"Average sig_qual";"2021-01-20T19:00:00-05:00";null
"Average sig_qual";"2021-01-21T19:00:00-05:00";null
"Average sig_qual";"2021-01-22T19:00:00-05:00";null
"Average sig_qual";"2021-01-23T19:00:00-05:00";null
"Average sig_qual";"2021-01-24T19:00:00-05:00";null
"Average sig_qual";"2021-01-25T19:00:00-05:00";null
"Average sig_qual";"2021-01-26T19:00:00-05:00";null
"Average sig_qual";"2021-01-27T19:00:00-05:00";null
"Average sig_qual";"2021-01-28T19:00:00-05:00";null
"Average sig_qual";"2021-01-29T19:00:00-05:00";null
"Average sig_qual";"2021-01-30T19:00:00-05:00";null
"Average sig_qual";"2021-01-31T19:00:00-05:00";null
"Average sig_qual";"2021-02-01T19:00:00-05:00";null
"Average sig_qual";"2021-02-02T19:00:00-05:00";null
"Average sig_qual";"2021-02-03T19:00:00-05:00";null
"Average sig_qual";"2021-02-04T19:00:00-05:00";null
"Average sig_qual";"2021-02-05T19:00:00-05:00";null
"Average sig_qual";"2021-02-06T19:00:00-05:00";null
"Average sig_qual";"2021-02-07T19:00:00-05:00";null
"Average sig_qual";"2021-02-08T19:00:00-05:00";null
"Average sig_qual";"2021-02-09T19:00:00-05:00";null
"Average sig_qual";"2021-02-10T19:00:00-05:00";null
"Average sig_qual";"2021-02-11T19:00:00-05:00";null
"Average sig_qual";"2021-02-12T19:00:00-05:00";null
"Average sig_qual";"2021-02-13T19:00:00-05:00";null
"Average sig_qual";"2021-02-14T19:00:00-05:00";null
"Average sig_qual";"2021-02-15T19:00:00-05:00";null
"Average sig_qual";"2021-02-16T19:00:00-05:00";null
"Average sig_qual";"2021-02-17T19:00:00-05:00";null
"Average sig_qual";"2021-02-18T19:00:00-05:00";null
"Average sig_qual";"2021-02-19T19:00:00-05:00";null
"Average sig_qual";"2021-02-20T19:00:00-05:00";null
"Average sig_qual";"2021-02-21T19:00:00-05:00";null
"Average sig_qual";"2021-02-22T19:00:00-05:00";null
"Average sig_qual";"2021-02-23T19:00:00-05:00";null
"Average sig_qual";"2021-02-24T19:00:00-05:00";null
"Average sig_qual";"2021-02-25T19:00:00-05:00";null
"Average sig_qual";"2021-02-26T19:00:00-05:00";null
"Average sig_qual";"2021-02-27T19:00:00-05:00";null
"Average sig_qual";"2021-02-28T19:00:00-05:00";null
"Average sig_qual";"2021-03-01T19:00:00-05:00";null
"Average sig_qual";"2021-03-02T19:00:00-05:00";null
"Average sig_qual";"2021-03-03T19:00:00-05:00";null
"Average sig_qual";"2021-03-04T19:00:00-05:00";null
"Average sig_qual";"2021-03-05T19:00:00-05:00";null
"Average sig_qual";"2021-03-06T19:00:00-05:00";null
"Average sig_qual";"2021-03-07T19:00:00-05:00";null
"Average sig_qual";"2021-03-08T19:00:00-05:00";null
"Average sig_qual";"2021-03-09T19:00:00-05:00";null
"Average sig_qual";"2021-03-10T19:00:00-05:00";null
"Average sig_qual";"2021-03-11T19:00:00-05:00";null
"Average sig_qual";"2021-03-12T19:00:00-05:00";null
"Average sig_qual";"2021-03-13T19:00:00-05:00";null
"Average sig_qual";"2021-03-14T20:00:00-04:00";null
"Average sig_qual";"2021-03-15T20:00:00-04:00";null
"Average sig_qual";"2021-03-16T20:00:00-04:00";null
"Average sig_qual";"2021-03-17T20:00:00-04:00";null
"Average sig_qual";"2021-03-18T20:00:00-04:00";null
"Average sig_qual";"2021-03-19T20:00:00-04:00";null
"Average sig_qual";"2021-03-20T20:00:00-04:00";null
"Average sig_qual";"2021-03-21T20:00:00-04:00";null
"Average sig_qual";"2021-03-22T20:00:00-04:00";null
"Average sig_qual";"2021-03-23T20:00:00-04:00";null
"Average sig_qual";"2021-03-24T20:00:00-04:00";null
"Average sig_qual";"2021-03-25T20:00:00-04:00";null
"Average sig_qual";"2021-03-26T20:00:00-04:00";null
"Average sig_qual";"2021-03-27T20:00:00-04:00";null
"Average sig_qual";"2021-03-28T20:00:00-04:00";null
"Average sig_qual";"2021-03-29T20:00:00-04:00";null
"Average sig_qual";"2021-03-30T20:00:00-04:00";null
"Average sig_qual";"2021-03-31T20:00:00-04:00";null
"Average sig_qual";"2021-04-01T20:00:00-04:00";null
"Average sig_qual";"2021-04-02T20:00:00-04:00";null
"Average sig_qual";"2021-04-03T20:00:00-04:00";null
"Average sig_qual";"2021-04-04T20:00:00-04:00";null
"Average sig_qual";"2021-04-05T20:00:00-04:00";null
"Average sig_qual";"2021-04-06T20:00:00-04:00";null
"Average sig_qual";"2021-04-07T20:00:00-04:00";null
"Average sig_qual";"2021-04-08T20:00:00-04:00";null
"Average sig_qual";"2021-04-09T20:00:00-04:00";null
"Average sig_qual";"2021-04-10T20:00:00-04:00";null
"Average sig_qual";"2021-04-11T20:00:00-04:00";null
"Average sig_qual";"2021-04-12T20:00:00-04:00";null
"Average sig_qual";"2021-04-13T20:00:00-04:00";null
"Average sig_qual";"2021-04-14T20:00:00-04:00";null
"Average sig_qual";"2021-04-15T20:00:00-04:00";null
"Average sig_qual";"2021-04-16T20:00:00-04:00";null
"Average sig_qual";"2021-04-17T20:00:00-04:00";null
"Average sig_qual";"2021-04-18T20:00:00-04:00";null
"Average sig_qual";"2021-04-19T20:00:00-04:00";null
"Average sig_qual";"2021-04-20T20:00:00-04:00";null
"Average sig_qual";"2021-04-21T20:00:00-04:00";null
"Average sig_qual";"2021-04-22T20:00:00-04:00";null
"Average sig_qual";"2021-04-23T20:00:00-04:00";null
"Average sig_qual";"2021-04-24T20:00:00-04:00";null
"Average sig_qual";"2021-04-25T20:00:00-04:00";null
"Average sig_qual";"2021-04-26T20:00:00-04:00";null
"Average sig_qual";"2021-04-27T20:00:00-04:00";null
"Average sig_qual";"2021-04-28T20:00:00-04:00";null
"Average sig_qual";"2021-04-29T20:00:00-04:00";null
"Average sig_qual";"2021-04-30T20:00:00-04:00";null
"Average sig_qual";"2021-05-01T20:00:00-04:00";null
"Average sig_qual";"2021-05-02T20:00:00-04:00";null
"Average sig_qual";"2021-05-03T20:00:00-04:00";null
"Average sig_qual";"2021-05-04T20:00:00-04:00";null
"Average sig_qual";"2021-05-05T20:00:00-04:00";null
"Average sig_qual";"2021-05-06T20:00:00-04:00";null
"Average sig_qual";"2021-05-07T20:00:00-04:00";null
"Average sig_stre";"2019-05-07T20:00:00-04:00";68.663
"Average sig_stre";"2019-05-08T20:00:00-04:00";71.259
"Average sig_stre";"2019-05-09T20:00:00-04:00";71.179
"Average sig_stre";"2019-05-10T20:00:00-04:00";69.22
"Average sig_stre";"2019-05-11T20:00:00-04:00";70.966
"Average sig_stre";"2019-05-12T20:00:00-04:00";71.514
"Average sig_stre";"2019-05-13T20:00:00-04:00";70.082
"Average sig_stre";"2019-05-14T20:00:00-04:00";69.599
"Average sig_stre";"2019-05-15T20:00:00-04:00";69.577
"Average sig_stre";"2019-05-16T20:00:00-04:00";70.217
"Average sig_stre";"2019-05-17T20:00:00-04:00";70.644
"Average sig_stre";"2019-05-18T20:00:00-04:00";71.831
"Average sig_stre";"2019-05-19T20:00:00-04:00";70.369
"Average sig_stre";"2019-05-20T20:00:00-04:00";71.329
"Average sig_stre";"2019-05-21T20:00:00-04:00";69.084
"Average sig_stre";"2019-05-22T20:00:00-04:00";70.245
"Average sig_stre";"2019-05-23T20:00:00-04:00";68.336
"Average sig_stre";"2019-05-24T20:00:00-04:00";68.453
"Average sig_stre";"2019-05-25T20:00:00-04:00";68.397
"Average sig_stre";"2019-05-26T20:00:00-04:00";68.336
"Average sig_stre";"2019-05-27T20:00:00-04:00";67.918
"Average sig_stre";"2019-05-28T20:00:00-04:00";67.44
"Average sig_stre";"2019-05-29T20:00:00-04:00";68.145
"Average sig_stre";"2019-05-30T20:00:00-04:00";66.64
"Average sig_stre";"2019-05-31T20:00:00-04:00";69.411
"Average sig_stre";"2019-06-01T20:00:00-04:00";67.007
"Average sig_stre";"2019-06-02T20:00:00-04:00";67.733
"Average sig_stre";"2019-06-03T20:00:00-04:00";68.84
"Average sig_stre";"2019-06-04T20:00:00-04:00";69.177
"Average sig_stre";"2019-06-05T20:00:00-04:00";69.805
"Average sig_stre";"2019-06-06T20:00:00-04:00";70.719
"Average sig_stre";"2019-06-07T20:00:00-04:00";70.968
"Average sig_stre";"2019-06-08T20:00:00-04:00";71.398
"Average sig_stre";"2019-06-09T20:00:00-04:00";71.092
"Average sig_stre";"2019-06-10T20:00:00-04:00";70.958
"Average sig_stre";"2019-06-11T20:00:00-04:00";71.595
"Average sig_stre";"2019-06-12T20:00:00-04:00";73.216
"Average sig_stre";"2019-06-13T20:00:00-04:00";70.165
"Average sig_stre";"2019-06-14T20:00:00-04:00";71.053
"Average sig_stre";"2019-06-15T20:00:00-04:00";70.927
"Average sig_stre";"2019-06-16T20:00:00-04:00";65.848
"Average sig_stre";"2019-06-17T20:00:00-04:00";68.075
"Average sig_stre";"2019-06-18T20:00:00-04:00";70.295
"Average sig_stre";"2019-06-19T20:00:00-04:00";70.194
"Average sig_stre";"2019-06-20T20:00:00-04:00";68.321
"Average sig_stre";"2019-06-21T20:00:00-04:00";70.142
"Average sig_stre";"2019-06-22T20:00:00-04:00";70.915
"Average sig_stre";"2019-06-23T20:00:00-04:00";70.926
"Average sig_stre";"2019-06-24T20:00:00-04:00";70.852
"Average sig_stre";"2019-06-25T20:00:00-04:00";71.145
"Average sig_stre";"2019-06-26T20:00:00-04:00";70.265
"Average sig_stre";"2019-06-27T20:00:00-04:00";63.019
"Average sig_stre";"2019-06-28T20:00:00-04:00";61.958
"Average sig_stre";"2019-06-29T20:00:00-04:00";60.001
"Average sig_stre";"2019-06-30T20:00:00-04:00";63.487
"Average sig_stre";"2019-07-01T20:00:00-04:00";62.465
"Average sig_stre";"2019-07-02T20:00:00-04:00";null
"Average sig_stre";"2019-07-03T20:00:00-04:00";null
"Average sig_stre";"2019-07-04T20:00:00-04:00";null
"Average sig_stre";"2019-07-05T20:00:00-04:00";null
"Average sig_stre";"2019-07-06T20:00:00-04:00";null
"Average sig_stre";"2019-07-07T20:00:00-04:00";63.135
"Average sig_stre";"2019-07-08T20:00:00-04:00";63.256
"Average sig_stre";"2019-07-09T20:00:00-04:00";63.507
"Average sig_stre";"2019-07-10T20:00:00-04:00";63.566
"Average sig_stre";"2019-07-11T20:00:00-04:00";64.263
"Average sig_stre";"2019-07-12T20:00:00-04:00";62.743
"Average sig_stre";"2019-07-13T20:00:00-04:00";61.273
"Average sig_stre";"2019-07-14T20:00:00-04:00";61.787
"Average sig_stre";"2019-07-15T20:00:00-04:00";60.512
"Average sig_stre";"2019-07-16T20:00:00-04:00";58.319
"Average sig_stre";"2019-07-17T20:00:00-04:00";62.4
"Average sig_stre";"2019-07-18T20:00:00-04:00";63.785
"Average sig_stre";"2019-07-19T20:00:00-04:00";62.04
"Average sig_stre";"2019-07-20T20:00:00-04:00";61.889
"Average sig_stre";"2019-07-21T20:00:00-04:00";62.309
"Average sig_stre";"2019-07-22T20:00:00-04:00";62.685
"Average sig_stre";"2019-07-23T20:00:00-04:00";62.114
"Average sig_stre";"2019-07-24T20:00:00-04:00";62.367
"Average sig_stre";"2019-07-25T20:00:00-04:00";61.378
"Average sig_stre";"2019-07-26T20:00:00-04:00";62.681
"Average sig_stre";"2019-07-27T20:00:00-04:00";63.237
"Average sig_stre";"2019-07-28T20:00:00-04:00";62.271
"Average sig_stre";"2019-07-29T20:00:00-04:00";61.685
"Average sig_stre";"2019-07-30T20:00:00-04:00";62.043
"Average sig_stre";"2019-07-31T20:00:00-04:00";62.566
"Average sig_stre";"2019-08-01T20:00:00-04:00";61.754
"Average sig_stre";"2019-08-02T20:00:00-04:00";61.843
"Average sig_stre";"2019-08-03T20:00:00-04:00";63.283
"Average sig_stre";"2019-08-04T20:00:00-04:00";63.114
"Average sig_stre";"2019-08-05T20:00:00-04:00";62.716
"Average sig_stre";"2019-08-06T20:00:00-04:00";62.992
"Average sig_stre";"2019-08-07T20:00:00-04:00";63.675
"Average sig_stre";"2019-08-08T20:00:00-04:00";68.612
"Average sig_stre";"2019-08-09T20:00:00-04:00";70.157
"Average sig_stre";"2019-08-10T20:00:00-04:00";66.432
"Average sig_stre";"2019-08-11T20:00:00-04:00";66.18
"Average sig_stre";"2019-08-12T20:00:00-04:00";66.572
"Average sig_stre";"2019-08-13T20:00:00-04:00";67.114
"Average sig_stre";"2019-08-14T20:00:00-04:00";66.681
"Average sig_stre";"2019-08-15T20:00:00-04:00";66.173
"Average sig_stre";"2019-08-16T20:00:00-04:00";64.846
"Average sig_stre";"2019-08-17T20:00:00-04:00";63.445
"Average sig_stre";"2019-08-18T20:00:00-04:00";61.917
"Average sig_stre";"2019-08-19T20:00:00-04:00";62.63
"Average sig_stre";"2019-08-20T20:00:00-04:00";61.879
"Average sig_stre";"2019-08-21T20:00:00-04:00";68.622
"Average sig_stre";"2019-08-22T20:00:00-04:00";74.542
"Average sig_stre";"2019-08-23T20:00:00-04:00";69.603
"Average sig_stre";"2019-08-24T20:00:00-04:00";71.08
"Average sig_stre";"2019-08-25T20:00:00-04:00";78.793
"Average sig_stre";"2019-08-26T20:00:00-04:00";76.641
"Average sig_stre";"2019-08-27T20:00:00-04:00";75.101
"Average sig_stre";"2019-08-28T20:00:00-04:00";76.255
"Average sig_stre";"2019-08-29T20:00:00-04:00";77.242
"Average sig_stre";"2019-08-30T20:00:00-04:00";77.14
"Average sig_stre";"2019-08-31T20:00:00-04:00";78.849
"Average sig_stre";"2019-09-01T20:00:00-04:00";77.675
"Average sig_stre";"2019-09-02T20:00:00-04:00";72.526
"Average sig_stre";"2019-09-03T20:00:00-04:00";75.144
"Average sig_stre";"2019-09-04T20:00:00-04:00";78.648
"Average sig_stre";"2019-09-05T20:00:00-04:00";78.81
"Average sig_stre";"2019-09-06T20:00:00-04:00";70.357
"Average sig_stre";"2019-09-07T20:00:00-04:00";75.243
"Average sig_stre";"2019-09-08T20:00:00-04:00";79.146
"Average sig_stre";"2019-09-09T20:00:00-04:00";80.035
"Average sig_stre";"2019-09-10T20:00:00-04:00";78.491
"Average sig_stre";"2019-09-11T20:00:00-04:00";74.825
"Average sig_stre";"2019-09-12T20:00:00-04:00";78.92
"Average sig_stre";"2019-09-13T20:00:00-04:00";79.665
"Average sig_stre";"2019-09-14T20:00:00-04:00";78.454
"Average sig_stre";"2019-09-15T20:00:00-04:00";79.389
"Average sig_stre";"2019-09-16T20:00:00-04:00";72.474
"Average sig_stre";"2019-09-17T20:00:00-04:00";79.589
"Average sig_stre";"2019-09-18T20:00:00-04:00";76.157
"Average sig_stre";"2019-09-19T20:00:00-04:00";77.251
"Average sig_stre";"2019-09-20T20:00:00-04:00";80.502
"Average sig_stre";"2019-09-21T20:00:00-04:00";79.199
"Average sig_stre";"2019-09-22T20:00:00-04:00";78.395
"Average sig_stre";"2019-09-23T20:00:00-04:00";77.443
"Average sig_stre";"2019-09-24T20:00:00-04:00";78.748
"Average sig_stre";"2019-09-25T20:00:00-04:00";78.458
"Average sig_stre";"2019-09-26T20:00:00-04:00";73.629
"Average sig_stre";"2019-09-27T20:00:00-04:00";66.496
"Average sig_stre";"2019-09-28T20:00:00-04:00";66.191
"Average sig_stre";"2019-09-29T20:00:00-04:00";67.46
"Average sig_stre";"2019-09-30T20:00:00-04:00";69.301
"Average sig_stre";"2019-10-01T20:00:00-04:00";68.814
"Average sig_stre";"2019-10-02T20:00:00-04:00";68.883
"Average sig_stre";"2019-10-03T20:00:00-04:00";69.642
"Average sig_stre";"2019-10-04T20:00:00-04:00";70.966
"Average sig_stre";"2019-10-05T20:00:00-04:00";70.457
"Average sig_stre";"2019-10-06T20:00:00-04:00";70.751
"Average sig_stre";"2019-10-07T20:00:00-04:00";70.244
"Average sig_stre";"2019-10-08T20:00:00-04:00";68.559
"Average sig_stre";"2019-10-09T20:00:00-04:00";67.065
"Average sig_stre";"2019-10-10T20:00:00-04:00";67.879
"Average sig_stre";"2019-10-11T20:00:00-04:00";69.253
"Average sig_stre";"2019-10-12T20:00:00-04:00";67.674
"Average sig_stre";"2019-10-13T20:00:00-04:00";70.063
"Average sig_stre";"2019-10-14T20:00:00-04:00";68.612
"Average sig_stre";"2019-10-15T20:00:00-04:00";67.689
"Average sig_stre";"2019-10-16T20:00:00-04:00";66.972
"Average sig_stre";"2019-10-17T20:00:00-04:00";66.118
"Average sig_stre";"2019-10-18T20:00:00-04:00";70.2
"Average sig_stre";"2019-10-19T20:00:00-04:00";65.237
"Average sig_stre";"2019-10-20T20:00:00-04:00";71.104
"Average sig_stre";"2019-10-21T20:00:00-04:00";72.041
"Average sig_stre";"2019-10-22T20:00:00-04:00";68.881
"Average sig_stre";"2019-10-23T20:00:00-04:00";71.106
"Average sig_stre";"2019-10-24T20:00:00-04:00";71.319
"Average sig_stre";"2019-10-25T20:00:00-04:00";70.26
"Average sig_stre";"2019-10-26T20:00:00-04:00";70.976
"Average sig_stre";"2019-10-27T20:00:00-04:00";71.587
"Average sig_stre";"2019-10-28T20:00:00-04:00";70.362
"Average sig_stre";"2019-10-29T20:00:00-04:00";70.142
"Average sig_stre";"2019-10-30T20:00:00-04:00";69.54
"Average sig_stre";"2019-10-31T20:00:00-04:00";67.643
"Average sig_stre";"2019-11-01T20:00:00-04:00";71.853
"Average sig_stre";"2019-11-02T20:00:00-04:00";71.697
"Average sig_stre";"2019-11-03T19:00:00-05:00";71.197
"Average sig_stre";"2019-11-04T19:00:00-05:00";68.712
"Average sig_stre";"2019-11-05T19:00:00-05:00";69.37
"Average sig_stre";"2019-11-06T19:00:00-05:00";68.866
"Average sig_stre";"2019-11-07T19:00:00-05:00";69.494
"Average sig_stre";"2019-11-08T19:00:00-05:00";68.012
"Average sig_stre";"2019-11-09T19:00:00-05:00";67.121
"Average sig_stre";"2019-11-10T19:00:00-05:00";67.028
"Average sig_stre";"2019-11-11T19:00:00-05:00";70.531
"Average sig_stre";"2019-11-12T19:00:00-05:00";70.493
"Average sig_stre";"2019-11-13T19:00:00-05:00";68.258
"Average sig_stre";"2019-11-14T19:00:00-05:00";67.515
"Average sig_stre";"2019-11-15T19:00:00-05:00";72.97
"Average sig_stre";"2019-11-16T19:00:00-05:00";73.173
"Average sig_stre";"2019-11-17T19:00:00-05:00";73.061
"Average sig_stre";"2019-11-18T19:00:00-05:00";70.39
"Average sig_stre";"2019-11-19T19:00:00-05:00";71.179
"Average sig_stre";"2019-11-20T19:00:00-05:00";71.564
"Average sig_stre";"2019-11-21T19:00:00-05:00";68.537
"Average sig_stre";"2019-11-22T19:00:00-05:00";70.192
"Average sig_stre";"2019-11-23T19:00:00-05:00";72.332
"Average sig_stre";"2019-11-24T19:00:00-05:00";70.856
"Average sig_stre";"2019-11-25T19:00:00-05:00";70.762
"Average sig_stre";"2019-11-26T19:00:00-05:00";69.266
"Average sig_stre";"2019-11-27T19:00:00-05:00";71.82
"Average sig_stre";"2019-11-28T19:00:00-05:00";72.586
"Average sig_stre";"2019-11-29T19:00:00-05:00";72.424
"Average sig_stre";"2019-11-30T19:00:00-05:00";70.304
"Average sig_stre";"2019-12-01T19:00:00-05:00";70.807
"Average sig_stre";"2019-12-02T19:00:00-05:00";71.389
"Average sig_stre";"2019-12-03T19:00:00-05:00";70.862
"Average sig_stre";"2019-12-04T19:00:00-05:00";70.67
"Average sig_stre";"2019-12-05T19:00:00-05:00";71.316
"Average sig_stre";"2019-12-06T19:00:00-05:00";68.284
"Average sig_stre";"2019-12-07T19:00:00-05:00";70.524
"Average sig_stre";"2019-12-08T19:00:00-05:00";69.532
"Average sig_stre";"2019-12-09T19:00:00-05:00";68.898
"Average sig_stre";"2019-12-10T19:00:00-05:00";69.98
"Average sig_stre";"2019-12-11T19:00:00-05:00";68.176
"Average sig_stre";"2019-12-12T19:00:00-05:00";70.265
"Average sig_stre";"2019-12-13T19:00:00-05:00";71.076
"Average sig_stre";"2019-12-14T19:00:00-05:00";68.669
"Average sig_stre";"2019-12-15T19:00:00-05:00";68.778
"Average sig_stre";"2019-12-16T19:00:00-05:00";71.77
"Average sig_stre";"2019-12-17T19:00:00-05:00";72.149
"Average sig_stre";"2019-12-18T19:00:00-05:00";67.111
"Average sig_stre";"2019-12-19T19:00:00-05:00";66.053
"Average sig_stre";"2019-12-20T19:00:00-05:00";67.368
"Average sig_stre";"2019-12-21T19:00:00-05:00";67.595
"Average sig_stre";"2019-12-22T19:00:00-05:00";66.05
"Average sig_stre";"2019-12-23T19:00:00-05:00";65.753
"Average sig_stre";"2019-12-24T19:00:00-05:00";67.489
"Average sig_stre";"2019-12-25T19:00:00-05:00";64.955
"Average sig_stre";"2019-12-26T19:00:00-05:00";63.989
"Average sig_stre";"2019-12-27T19:00:00-05:00";65.136
"Average sig_stre";"2019-12-28T19:00:00-05:00";65.943
"Average sig_stre";"2019-12-29T19:00:00-05:00";69.632
"Average sig_stre";"2019-12-30T19:00:00-05:00";67.484
"Average sig_stre";"2019-12-31T19:00:00-05:00";66.149
"Average sig_stre";"2020-01-01T19:00:00-05:00";65.303
"Average sig_stre";"2020-01-02T19:00:00-05:00";66.467
"Average sig_stre";"2020-01-03T19:00:00-05:00";66.304
"Average sig_stre";"2020-01-04T19:00:00-05:00";61.717
"Average sig_stre";"2020-01-05T19:00:00-05:00";64.041
"Average sig_stre";"2020-01-06T19:00:00-05:00";64.924
"Average sig_stre";"2020-01-07T19:00:00-05:00";65.322
"Average sig_stre";"2020-01-08T19:00:00-05:00";66.71
"Average sig_stre";"2020-01-09T19:00:00-05:00";66.545
"Average sig_stre";"2020-01-10T19:00:00-05:00";65.913
"Average sig_stre";"2020-01-11T19:00:00-05:00";64.969
"Average sig_stre";"2020-01-12T19:00:00-05:00";65.389
"Average sig_stre";"2020-01-13T19:00:00-05:00";65.049
"Average sig_stre";"2020-01-14T19:00:00-05:00";63.831
"Average sig_stre";"2020-01-15T19:00:00-05:00";66.474
"Average sig_stre";"2020-01-16T19:00:00-05:00";67.588
"Average sig_stre";"2020-01-17T19:00:00-05:00";67.859
"Average sig_stre";"2020-01-18T19:00:00-05:00";67.825
"Average sig_stre";"2020-01-19T19:00:00-05:00";67.306
"Average sig_stre";"2020-01-20T19:00:00-05:00";67.065
"Average sig_stre";"2020-01-21T19:00:00-05:00";68.438
"Average sig_stre";"2020-01-22T19:00:00-05:00";67.24
"Average sig_stre";"2020-01-23T19:00:00-05:00";66.315
"Average sig_stre";"2020-01-24T19:00:00-05:00";68.415
"Average sig_stre";"2020-01-25T19:00:00-05:00";67.344
"Average sig_stre";"2020-01-26T19:00:00-05:00";66.719
"Average sig_stre";"2020-01-27T19:00:00-05:00";null
"Average sig_stre";"2020-01-28T19:00:00-05:00";null
"Average sig_stre";"2020-01-29T19:00:00-05:00";null
"Average sig_stre";"2020-01-30T19:00:00-05:00";63.069
"Average sig_stre";"2020-01-31T19:00:00-05:00";63.533
"Average sig_stre";"2020-02-01T19:00:00-05:00";64.233
"Average sig_stre";"2020-02-02T19:00:00-05:00";65.55
"Average sig_stre";"2020-02-03T19:00:00-05:00";65.559
"Average sig_stre";"2020-02-04T19:00:00-05:00";60.746
"Average sig_stre";"2020-02-05T19:00:00-05:00";66.006
"Average sig_stre";"2020-02-06T19:00:00-05:00";67.261
"Average sig_stre";"2020-02-07T19:00:00-05:00";67.805
"Average sig_stre";"2020-02-08T19:00:00-05:00";64.717
"Average sig_stre";"2020-02-09T19:00:00-05:00";67.779
"Average sig_stre";"2020-02-10T19:00:00-05:00";66.551
"Average sig_stre";"2020-02-11T19:00:00-05:00";66.876
"Average sig_stre";"2020-02-12T19:00:00-05:00";68.625
"Average sig_stre";"2020-02-13T19:00:00-05:00";65.738
"Average sig_stre";"2020-02-14T19:00:00-05:00";65.801
"Average sig_stre";"2020-02-15T19:00:00-05:00";64.099
"Average sig_stre";"2020-02-16T19:00:00-05:00";63.47
"Average sig_stre";"2020-02-17T19:00:00-05:00";66.494
"Average sig_stre";"2020-02-18T19:00:00-05:00";67.48
"Average sig_stre";"2020-02-19T19:00:00-05:00";67.786
"Average sig_stre";"2020-02-20T19:00:00-05:00";67.278
"Average sig_stre";"2020-02-21T19:00:00-05:00";61.523
"Average sig_stre";"2020-02-22T19:00:00-05:00";67.575
"Average sig_stre";"2020-02-23T19:00:00-05:00";67.199
"Average sig_stre";"2020-02-24T19:00:00-05:00";66.378
"Average sig_stre";"2020-02-25T19:00:00-05:00";67.259
"Average sig_stre";"2020-02-26T19:00:00-05:00";68.077
"Average sig_stre";"2020-02-27T19:00:00-05:00";68.408
"Average sig_stre";"2020-02-28T19:00:00-05:00";65.196
"Average sig_stre";"2020-02-29T19:00:00-05:00";69.262
"Average sig_stre";"2020-03-01T19:00:00-05:00";67.694
"Average sig_stre";"2020-03-02T19:00:00-05:00";66.8
"Average sig_stre";"2020-03-03T19:00:00-05:00";67.107
"Average sig_stre";"2020-03-04T19:00:00-05:00";66.664
"Average sig_stre";"2020-03-05T19:00:00-05:00";67.452
"Average sig_stre";"2020-03-06T19:00:00-05:00";66.074
"Average sig_stre";"2020-03-07T19:00:00-05:00";68.45
"Average sig_stre";"2020-03-08T20:00:00-04:00";68.06
"Average sig_stre";"2020-03-09T20:00:00-04:00";64.39
"Average sig_stre";"2020-03-10T20:00:00-04:00";64.97
"Average sig_stre";"2020-03-11T20:00:00-04:00";65.271
"Average sig_stre";"2020-03-12T20:00:00-04:00";64.167
"Average sig_stre";"2020-03-13T20:00:00-04:00";67.688
"Average sig_stre";"2020-03-14T20:00:00-04:00";67.962
"Average sig_stre";"2020-03-15T20:00:00-04:00";67.014
"Average sig_stre";"2020-03-16T20:00:00-04:00";66.738
"Average sig_stre";"2020-03-17T20:00:00-04:00";62.947
"Average sig_stre";"2020-03-18T20:00:00-04:00";66.769
"Average sig_stre";"2020-03-19T20:00:00-04:00";64.983
"Average sig_stre";"2020-03-20T20:00:00-04:00";66.612
"Average sig_stre";"2020-03-21T20:00:00-04:00";67.664
"Average sig_stre";"2020-03-22T20:00:00-04:00";68.825
"Average sig_stre";"2020-03-23T20:00:00-04:00";67.747
"Average sig_stre";"2020-03-24T20:00:00-04:00";67.978
"Average sig_stre";"2020-03-25T20:00:00-04:00";68.615
"Average sig_stre";"2020-03-26T20:00:00-04:00";66.995
"Average sig_stre";"2020-03-27T20:00:00-04:00";66.942
"Average sig_stre";"2020-03-28T20:00:00-04:00";68.625
"Average sig_stre";"2020-03-29T20:00:00-04:00";68.407
"Average sig_stre";"2020-03-30T20:00:00-04:00";66.275
"Average sig_stre";"2020-03-31T20:00:00-04:00";67.024
"Average sig_stre";"2020-04-01T20:00:00-04:00";68.143
"Average sig_stre";"2020-04-02T20:00:00-04:00";68.63
"Average sig_stre";"2020-04-03T20:00:00-04:00";65.904
"Average sig_stre";"2020-04-04T20:00:00-04:00";67.265
"Average sig_stre";"2020-04-05T20:00:00-04:00";68.099
"Average sig_stre";"2020-04-06T20:00:00-04:00";67.36
"Average sig_stre";"2020-04-07T20:00:00-04:00";66.5
"Average sig_stre";"2020-04-08T20:00:00-04:00";68.123
"Average sig_stre";"2020-04-09T20:00:00-04:00";68.564
"Average sig_stre";"2020-04-10T20:00:00-04:00";67.837
"Average sig_stre";"2020-04-11T20:00:00-04:00";67.099
"Average sig_stre";"2020-04-12T20:00:00-04:00";65.63
"Average sig_stre";"2020-04-13T20:00:00-04:00";null
"Average sig_stre";"2020-04-14T20:00:00-04:00";null
"Average sig_stre";"2020-04-15T20:00:00-04:00";null
"Average sig_stre";"2020-04-16T20:00:00-04:00";null
"Average sig_stre";"2020-04-17T20:00:00-04:00";null
"Average sig_stre";"2020-04-18T20:00:00-04:00";null
"Average sig_stre";"2020-04-19T20:00:00-04:00";null
"Average sig_stre";"2020-04-20T20:00:00-04:00";null
"Average sig_stre";"2020-04-21T20:00:00-04:00";null
"Average sig_stre";"2020-04-22T20:00:00-04:00";null
"Average sig_stre";"2020-04-23T20:00:00-04:00";null
"Average sig_stre";"2020-04-24T20:00:00-04:00";null
"Average sig_stre";"2020-04-25T20:00:00-04:00";null
"Average sig_stre";"2020-04-26T20:00:00-04:00";null
"Average sig_stre";"2020-04-27T20:00:00-04:00";null
"Average sig_stre";"2020-04-28T20:00:00-04:00";null
"Average sig_stre";"2020-04-29T20:00:00-04:00";null
"Average sig_stre";"2020-04-30T20:00:00-04:00";null
"Average sig_stre";"2020-05-01T20:00:00-04:00";null
"Average sig_stre";"2020-05-02T20:00:00-04:00";null
"Average sig_stre";"2020-05-03T20:00:00-04:00";null
"Average sig_stre";"2020-05-04T20:00:00-04:00";null
"Average sig_stre";"2020-05-05T20:00:00-04:00";null
"Average sig_stre";"2020-05-06T20:00:00-04:00";null
"Average sig_stre";"2020-05-07T20:00:00-04:00";null
"Average sig_stre";"2020-05-08T20:00:00-04:00";null
"Average sig_stre";"2020-05-09T20:00:00-04:00";null
"Average sig_stre";"2020-05-10T20:00:00-04:00";null
"Average sig_stre";"2020-05-11T20:00:00-04:00";null
"Average sig_stre";"2020-05-12T20:00:00-04:00";null
"Average sig_stre";"2020-05-13T20:00:00-04:00";null
"Average sig_stre";"2020-05-14T20:00:00-04:00";null
"Average sig_stre";"2020-05-15T20:00:00-04:00";null
"Average sig_stre";"2020-05-16T20:00:00-04:00";null
"Average sig_stre";"2020-05-17T20:00:00-04:00";null
"Average sig_stre";"2020-05-18T20:00:00-04:00";null
"Average sig_stre";"2020-05-19T20:00:00-04:00";null
"Average sig_stre";"2020-05-20T20:00:00-04:00";null
"Average sig_stre";"2020-05-21T20:00:00-04:00";null
"Average sig_stre";"2020-05-22T20:00:00-04:00";null
"Average sig_stre";"2020-05-23T20:00:00-04:00";null
"Average sig_stre";"2020-05-24T20:00:00-04:00";null
"Average sig_stre";"2020-05-25T20:00:00-04:00";null
"Average sig_stre";"2020-05-26T20:00:00-04:00";null
"Average sig_stre";"2020-05-27T20:00:00-04:00";null
"Average sig_stre";"2020-05-28T20:00:00-04:00";null
"Average sig_stre";"2020-05-29T20:00:00-04:00";null
"Average sig_stre";"2020-05-30T20:00:00-04:00";null
"Average sig_stre";"2020-05-31T20:00:00-04:00";null
"Average sig_stre";"2020-06-01T20:00:00-04:00";null
"Average sig_stre";"2020-06-02T20:00:00-04:00";null
"Average sig_stre";"2020-06-03T20:00:00-04:00";null
"Average sig_stre";"2020-06-04T20:00:00-04:00";null
"Average sig_stre";"2020-06-05T20:00:00-04:00";null
"Average sig_stre";"2020-06-06T20:00:00-04:00";null
"Average sig_stre";"2020-06-07T20:00:00-04:00";null
"Average sig_stre";"2020-06-08T20:00:00-04:00";null
"Average sig_stre";"2020-06-09T20:00:00-04:00";null
"Average sig_stre";"2020-06-10T20:00:00-04:00";null
"Average sig_stre";"2020-06-11T20:00:00-04:00";null
"Average sig_stre";"2020-06-12T20:00:00-04:00";null
"Average sig_stre";"2020-06-13T20:00:00-04:00";null
"Average sig_stre";"2020-06-14T20:00:00-04:00";null
"Average sig_stre";"2020-06-15T20:00:00-04:00";null
"Average sig_stre";"2020-06-16T20:00:00-04:00";null
"Average sig_stre";"2020-06-17T20:00:00-04:00";null
"Average sig_stre";"2020-06-18T20:00:00-04:00";null
"Average sig_stre";"2020-06-19T20:00:00-04:00";null
"Average sig_stre";"2020-06-20T20:00:00-04:00";null
"Average sig_stre";"2020-06-21T20:00:00-04:00";null
"Average sig_stre";"2020-06-22T20:00:00-04:00";null
"Average sig_stre";"2020-06-23T20:00:00-04:00";null
"Average sig_stre";"2020-06-24T20:00:00-04:00";null
"Average sig_stre";"2020-06-25T20:00:00-04:00";null
"Average sig_stre";"2020-06-26T20:00:00-04:00";null
"Average sig_stre";"2020-06-27T20:00:00-04:00";null
"Average sig_stre";"2020-06-28T20:00:00-04:00";null
"Average sig_stre";"2020-06-29T20:00:00-04:00";null
"Average sig_stre";"2020-06-30T20:00:00-04:00";null
"Average sig_stre";"2020-07-01T20:00:00-04:00";null
"Average sig_stre";"2020-07-02T20:00:00-04:00";null
"Average sig_stre";"2020-07-03T20:00:00-04:00";null
"Average sig_stre";"2020-07-04T20:00:00-04:00";null
"Average sig_stre";"2020-07-05T20:00:00-04:00";null
"Average sig_stre";"2020-07-06T20:00:00-04:00";null
"Average sig_stre";"2020-07-07T20:00:00-04:00";null
"Average sig_stre";"2020-07-08T20:00:00-04:00";null
"Average sig_stre";"2020-07-09T20:00:00-04:00";null
"Average sig_stre";"2020-07-10T20:00:00-04:00";null
"Average sig_stre";"2020-07-11T20:00:00-04:00";null
"Average sig_stre";"2020-07-12T20:00:00-04:00";null
"Average sig_stre";"2020-07-13T20:00:00-04:00";null
"Average sig_stre";"2020-07-14T20:00:00-04:00";null
"Average sig_stre";"2020-07-15T20:00:00-04:00";null
"Average sig_stre";"2020-07-16T20:00:00-04:00";null
"Average sig_stre";"2020-07-17T20:00:00-04:00";null
"Average sig_stre";"2020-07-18T20:00:00-04:00";null
"Average sig_stre";"2020-07-19T20:00:00-04:00";null
"Average sig_stre";"2020-07-20T20:00:00-04:00";null
"Average sig_stre";"2020-07-21T20:00:00-04:00";null
"Average sig_stre";"2020-07-22T20:00:00-04:00";null
"Average sig_stre";"2020-07-23T20:00:00-04:00";null
"Average sig_stre";"2020-07-24T20:00:00-04:00";null
"Average sig_stre";"2020-07-25T20:00:00-04:00";null
"Average sig_stre";"2020-07-26T20:00:00-04:00";null
"Average sig_stre";"2020-07-27T20:00:00-04:00";null
"Average sig_stre";"2020-07-28T20:00:00-04:00";null
"Average sig_stre";"2020-07-29T20:00:00-04:00";null
"Average sig_stre";"2020-07-30T20:00:00-04:00";null
"Average sig_stre";"2020-07-31T20:00:00-04:00";null
"Average sig_stre";"2020-08-01T20:00:00-04:00";null
"Average sig_stre";"2020-08-02T20:00:00-04:00";null
"Average sig_stre";"2020-08-03T20:00:00-04:00";null
"Average sig_stre";"2020-08-04T20:00:00-04:00";null
"Average sig_stre";"2020-08-05T20:00:00-04:00";null
"Average sig_stre";"2020-08-06T20:00:00-04:00";null
"Average sig_stre";"2020-08-07T20:00:00-04:00";null
"Average sig_stre";"2020-08-08T20:00:00-04:00";null
"Average sig_stre";"2020-08-09T20:00:00-04:00";null
"Average sig_stre";"2020-08-10T20:00:00-04:00";null
"Average sig_stre";"2020-08-11T20:00:00-04:00";null
"Average sig_stre";"2020-08-12T20:00:00-04:00";null
"Average sig_stre";"2020-08-13T20:00:00-04:00";null
"Average sig_stre";"2020-08-14T20:00:00-04:00";null
"Average sig_stre";"2020-08-15T20:00:00-04:00";null
"Average sig_stre";"2020-08-16T20:00:00-04:00";null
"Average sig_stre";"2020-08-17T20:00:00-04:00";null
"Average sig_stre";"2020-08-18T20:00:00-04:00";null
"Average sig_stre";"2020-08-19T20:00:00-04:00";null
"Average sig_stre";"2020-08-20T20:00:00-04:00";null
"Average sig_stre";"2020-08-21T20:00:00-04:00";null
"Average sig_stre";"2020-08-22T20:00:00-04:00";null
"Average sig_stre";"2020-08-23T20:00:00-04:00";null
"Average sig_stre";"2020-08-24T20:00:00-04:00";null
"Average sig_stre";"2020-08-25T20:00:00-04:00";null
"Average sig_stre";"2020-08-26T20:00:00-04:00";null
"Average sig_stre";"2020-08-27T20:00:00-04:00";null
"Average sig_stre";"2020-08-28T20:00:00-04:00";null
"Average sig_stre";"2020-08-29T20:00:00-04:00";null
"Average sig_stre";"2020-08-30T20:00:00-04:00";null
"Average sig_stre";"2020-08-31T20:00:00-04:00";null
"Average sig_stre";"2020-09-01T20:00:00-04:00";null
"Average sig_stre";"2020-09-02T20:00:00-04:00";null
"Average sig_stre";"2020-09-03T20:00:00-04:00";null
"Average sig_stre";"2020-09-04T20:00:00-04:00";null
"Average sig_stre";"2020-09-05T20:00:00-04:00";null
"Average sig_stre";"2020-09-06T20:00:00-04:00";null
"Average sig_stre";"2020-09-07T20:00:00-04:00";null
"Average sig_stre";"2020-09-08T20:00:00-04:00";null
"Average sig_stre";"2020-09-09T20:00:00-04:00";null
"Average sig_stre";"2020-09-10T20:00:00-04:00";null
"Average sig_stre";"2020-09-11T20:00:00-04:00";null
"Average sig_stre";"2020-09-12T20:00:00-04:00";null
"Average sig_stre";"2020-09-13T20:00:00-04:00";null
"Average sig_stre";"2020-09-14T20:00:00-04:00";null
"Average sig_stre";"2020-09-15T20:00:00-04:00";null
"Average sig_stre";"2020-09-16T20:00:00-04:00";null
"Average sig_stre";"2020-09-17T20:00:00-04:00";null
"Average sig_stre";"2020-09-18T20:00:00-04:00";null
"Average sig_stre";"2020-09-19T20:00:00-04:00";null
"Average sig_stre";"2020-09-20T20:00:00-04:00";null
"Average sig_stre";"2020-09-21T20:00:00-04:00";null
"Average sig_stre";"2020-09-22T20:00:00-04:00";null
"Average sig_stre";"2020-09-23T20:00:00-04:00";null
"Average sig_stre";"2020-09-24T20:00:00-04:00";73.225
"Average sig_stre";"2020-09-25T20:00:00-04:00";65.114
"Average sig_stre";"2020-09-26T20:00:00-04:00";60.397
"Average sig_stre";"2020-09-27T20:00:00-04:00";70.917
"Average sig_stre";"2020-09-28T20:00:00-04:00";null
"Average sig_stre";"2020-09-29T20:00:00-04:00";null
"Average sig_stre";"2020-09-30T20:00:00-04:00";72.57
"Average sig_stre";"2020-10-01T20:00:00-04:00";64.347
"Average sig_stre";"2020-10-02T20:00:00-04:00";63.159
"Average sig_stre";"2020-10-03T20:00:00-04:00";63.917
"Average sig_stre";"2020-10-04T20:00:00-04:00";64.793
"Average sig_stre";"2020-10-05T20:00:00-04:00";67.473
"Average sig_stre";"2020-10-06T20:00:00-04:00";74.345
"Average sig_stre";"2020-10-07T20:00:00-04:00";75.234
"Average sig_stre";"2020-10-08T20:00:00-04:00";75.219
"Average sig_stre";"2020-10-09T20:00:00-04:00";74.539
"Average sig_stre";"2020-10-10T20:00:00-04:00";74.175
"Average sig_stre";"2020-10-11T20:00:00-04:00";73.292
"Average sig_stre";"2020-10-12T20:00:00-04:00";69.217
"Average sig_stre";"2020-10-13T20:00:00-04:00";71.105
"Average sig_stre";"2020-10-14T20:00:00-04:00";null
"Average sig_stre";"2020-10-15T20:00:00-04:00";null
"Average sig_stre";"2020-10-16T20:00:00-04:00";null
"Average sig_stre";"2020-10-17T20:00:00-04:00";null
"Average sig_stre";"2020-10-18T20:00:00-04:00";null
"Average sig_stre";"2020-10-19T20:00:00-04:00";null
"Average sig_stre";"2020-10-20T20:00:00-04:00";74.951
"Average sig_stre";"2020-10-21T20:00:00-04:00";74.339
"Average sig_stre";"2020-10-22T20:00:00-04:00";65.411
"Average sig_stre";"2020-10-23T20:00:00-04:00";64.9
"Average sig_stre";"2020-10-24T20:00:00-04:00";71.511
"Average sig_stre";"2020-10-25T20:00:00-04:00";74.748
"Average sig_stre";"2020-10-26T20:00:00-04:00";67.36
"Average sig_stre";"2020-10-27T20:00:00-04:00";70.735
"Average sig_stre";"2020-10-28T20:00:00-04:00";65.372
"Average sig_stre";"2020-10-29T20:00:00-04:00";64.809
"Average sig_stre";"2020-10-30T20:00:00-04:00";77.315
"Average sig_stre";"2020-10-31T20:00:00-04:00";70.556
"Average sig_stre";"2020-11-01T19:00:00-05:00";72.573
"Average sig_stre";"2020-11-02T19:00:00-05:00";76.796
"Average sig_stre";"2020-11-03T19:00:00-05:00";75.868
"Average sig_stre";"2020-11-04T19:00:00-05:00";69.208
"Average sig_stre";"2020-11-05T19:00:00-05:00";60.822
"Average sig_stre";"2020-11-06T19:00:00-05:00";68.683
"Average sig_stre";"2020-11-07T19:00:00-05:00";69.263
"Average sig_stre";"2020-11-08T19:00:00-05:00";69.995
"Average sig_stre";"2020-11-09T19:00:00-05:00";72.551
"Average sig_stre";"2020-11-10T19:00:00-05:00";71.583
"Average sig_stre";"2020-11-11T19:00:00-05:00";77.288
"Average sig_stre";"2020-11-12T19:00:00-05:00";68.827
"Average sig_stre";"2020-11-13T19:00:00-05:00";72.139
"Average sig_stre";"2020-11-14T19:00:00-05:00";68.843
"Average sig_stre";"2020-11-15T19:00:00-05:00";68.199
"Average sig_stre";"2020-11-16T19:00:00-05:00";null
"Average sig_stre";"2020-11-17T19:00:00-05:00";null
"Average sig_stre";"2020-11-18T19:00:00-05:00";null
"Average sig_stre";"2020-11-19T19:00:00-05:00";null
"Average sig_stre";"2020-11-20T19:00:00-05:00";null
"Average sig_stre";"2020-11-21T19:00:00-05:00";null
"Average sig_stre";"2020-11-22T19:00:00-05:00";null
"Average sig_stre";"2020-11-23T19:00:00-05:00";null
"Average sig_stre";"2020-11-24T19:00:00-05:00";null
"Average sig_stre";"2020-11-25T19:00:00-05:00";null
"Average sig_stre";"2020-11-26T19:00:00-05:00";null
"Average sig_stre";"2020-11-27T19:00:00-05:00";null
"Average sig_stre";"2020-11-28T19:00:00-05:00";null
"Average sig_stre";"2020-11-29T19:00:00-05:00";null
"Average sig_stre";"2020-11-30T19:00:00-05:00";null
"Average sig_stre";"2020-12-01T19:00:00-05:00";null
"Average sig_stre";"2020-12-02T19:00:00-05:00";null
"Average sig_stre";"2020-12-03T19:00:00-05:00";null
"Average sig_stre";"2020-12-04T19:00:00-05:00";null
"Average sig_stre";"2020-12-05T19:00:00-05:00";null
"Average sig_stre";"2020-12-06T19:00:00-05:00";null
"Average sig_stre";"2020-12-07T19:00:00-05:00";null
"Average sig_stre";"2020-12-08T19:00:00-05:00";null
"Average sig_stre";"2020-12-09T19:00:00-05:00";null
"Average sig_stre";"2020-12-10T19:00:00-05:00";null
"Average sig_stre";"2020-12-11T19:00:00-05:00";null
"Average sig_stre";"2020-12-12T19:00:00-05:00";null
"Average sig_stre";"2020-12-13T19:00:00-05:00";null
"Average sig_stre";"2020-12-14T19:00:00-05:00";null
"Average sig_stre";"2020-12-15T19:00:00-05:00";null
"Average sig_stre";"2020-12-16T19:00:00-05:00";null
"Average sig_stre";"2020-12-17T19:00:00-05:00";null
"Average sig_stre";"2020-12-18T19:00:00-05:00";null
"Average sig_stre";"2020-12-19T19:00:00-05:00";null
"Average sig_stre";"2020-12-20T19:00:00-05:00";null
"Average sig_stre";"2020-12-21T19:00:00-05:00";null
"Average sig_stre";"2020-12-22T19:00:00-05:00";null
"Average sig_stre";"2020-12-23T19:00:00-05:00";null
"Average sig_stre";"2020-12-24T19:00:00-05:00";null
"Average sig_stre";"2020-12-25T19:00:00-05:00";null
"Average sig_stre";"2020-12-26T19:00:00-05:00";null
"Average sig_stre";"2020-12-27T19:00:00-05:00";null
"Average sig_stre";"2020-12-28T19:00:00-05:00";null
"Average sig_stre";"2020-12-29T19:00:00-05:00";null
"Average sig_stre";"2020-12-30T19:00:00-05:00";null
"Average sig_stre";"2020-12-31T19:00:00-05:00";null
"Average sig_stre";"2021-01-01T19:00:00-05:00";null
"Average sig_stre";"2021-01-02T19:00:00-05:00";null
"Average sig_stre";"2021-01-03T19:00:00-05:00";null
"Average sig_stre";"2021-01-04T19:00:00-05:00";null
"Average sig_stre";"2021-01-05T19:00:00-05:00";null
"Average sig_stre";"2021-01-06T19:00:00-05:00";null
"Average sig_stre";"2021-01-07T19:00:00-05:00";null
"Average sig_stre";"2021-01-08T19:00:00-05:00";null
"Average sig_stre";"2021-01-09T19:00:00-05:00";null
"Average sig_stre";"2021-01-10T19:00:00-05:00";null
"Average sig_stre";"2021-01-11T19:00:00-05:00";null
"Average sig_stre";"2021-01-12T19:00:00-05:00";null
"Average sig_stre";"2021-01-13T19:00:00-05:00";null
"Average sig_stre";"2021-01-14T19:00:00-05:00";null
"Average sig_stre";"2021-01-15T19:00:00-05:00";null
"Average sig_stre";"2021-01-16T19:00:00-05:00";null
"Average sig_stre";"2021-01-17T19:00:00-05:00";null
"Average sig_stre";"2021-01-18T19:00:00-05:00";null
"Average sig_stre";"2021-01-19T19:00:00-05:00";null
"Average sig_stre";"2021-01-20T19:00:00-05:00";null
"Average sig_stre";"2021-01-21T19:00:00-05:00";null
"Average sig_stre";"2021-01-22T19:00:00-05:00";null
"Average sig_stre";"2021-01-23T19:00:00-05:00";null
"Average sig_stre";"2021-01-24T19:00:00-05:00";null
"Average sig_stre";"2021-01-25T19:00:00-05:00";null
"Average sig_stre";"2021-01-26T19:00:00-05:00";null
"Average sig_stre";"2021-01-27T19:00:00-05:00";null
"Average sig_stre";"2021-01-28T19:00:00-05:00";null
"Average sig_stre";"2021-01-29T19:00:00-05:00";null
"Average sig_stre";"2021-01-30T19:00:00-05:00";null
"Average sig_stre";"2021-01-31T19:00:00-05:00";null
"Average sig_stre";"2021-02-01T19:00:00-05:00";null
"Average sig_stre";"2021-02-02T19:00:00-05:00";null
"Average sig_stre";"2021-02-03T19:00:00-05:00";null
"Average sig_stre";"2021-02-04T19:00:00-05:00";null
"Average sig_stre";"2021-02-05T19:00:00-05:00";null
"Average sig_stre";"2021-02-06T19:00:00-05:00";null
"Average sig_stre";"2021-02-07T19:00:00-05:00";null
"Average sig_stre";"2021-02-08T19:00:00-05:00";null
"Average sig_stre";"2021-02-09T19:00:00-05:00";null
"Average sig_stre";"2021-02-10T19:00:00-05:00";null
"Average sig_stre";"2021-02-11T19:00:00-05:00";null
"Average sig_stre";"2021-02-12T19:00:00-05:00";null
"Average sig_stre";"2021-02-13T19:00:00-05:00";null
"Average sig_stre";"2021-02-14T19:00:00-05:00";null
"Average sig_stre";"2021-02-15T19:00:00-05:00";null
"Average sig_stre";"2021-02-16T19:00:00-05:00";null
"Average sig_stre";"2021-02-17T19:00:00-05:00";null
"Average sig_stre";"2021-02-18T19:00:00-05:00";null
"Average sig_stre";"2021-02-19T19:00:00-05:00";null
"Average sig_stre";"2021-02-20T19:00:00-05:00";null
"Average sig_stre";"2021-02-21T19:00:00-05:00";null
"Average sig_stre";"2021-02-22T19:00:00-05:00";null
"Average sig_stre";"2021-02-23T19:00:00-05:00";null
"Average sig_stre";"2021-02-24T19:00:00-05:00";null
"Average sig_stre";"2021-02-25T19:00:00-05:00";null
"Average sig_stre";"2021-02-26T19:00:00-05:00";null
"Average sig_stre";"2021-02-27T19:00:00-05:00";null
"Average sig_stre";"2021-02-28T19:00:00-05:00";null
"Average sig_stre";"2021-03-01T19:00:00-05:00";null
"Average sig_stre";"2021-03-02T19:00:00-05:00";null
"Average sig_stre";"2021-03-03T19:00:00-05:00";null
"Average sig_stre";"2021-03-04T19:00:00-05:00";null
"Average sig_stre";"2021-03-05T19:00:00-05:00";null
"Average sig_stre";"2021-03-06T19:00:00-05:00";null
"Average sig_stre";"2021-03-07T19:00:00-05:00";null
"Average sig_stre";"2021-03-08T19:00:00-05:00";null
"Average sig_stre";"2021-03-09T19:00:00-05:00";null
"Average sig_stre";"2021-03-10T19:00:00-05:00";null
"Average sig_stre";"2021-03-11T19:00:00-05:00";null
"Average sig_stre";"2021-03-12T19:00:00-05:00";null
"Average sig_stre";"2021-03-13T19:00:00-05:00";null
"Average sig_stre";"2021-03-14T20:00:00-04:00";null
"Average sig_stre";"2021-03-15T20:00:00-04:00";null
"Average sig_stre";"2021-03-16T20:00:00-04:00";null
"Average sig_stre";"2021-03-17T20:00:00-04:00";null
"Average sig_stre";"2021-03-18T20:00:00-04:00";null
"Average sig_stre";"2021-03-19T20:00:00-04:00";null
"Average sig_stre";"2021-03-20T20:00:00-04:00";null
"Average sig_stre";"2021-03-21T20:00:00-04:00";null
"Average sig_stre";"2021-03-22T20:00:00-04:00";null
"Average sig_stre";"2021-03-23T20:00:00-04:00";null
"Average sig_stre";"2021-03-24T20:00:00-04:00";null
"Average sig_stre";"2021-03-25T20:00:00-04:00";null
"Average sig_stre";"2021-03-26T20:00:00-04:00";null
"Average sig_stre";"2021-03-27T20:00:00-04:00";null
"Average sig_stre";"2021-03-28T20:00:00-04:00";null
"Average sig_stre";"2021-03-29T20:00:00-04:00";null
"Average sig_stre";"2021-03-30T20:00:00-04:00";null
"Average sig_stre";"2021-03-31T20:00:00-04:00";null
"Average sig_stre";"2021-04-01T20:00:00-04:00";null
"Average sig_stre";"2021-04-02T20:00:00-04:00";null
"Average sig_stre";"2021-04-03T20:00:00-04:00";null
"Average sig_stre";"2021-04-04T20:00:00-04:00";null
"Average sig_stre";"2021-04-05T20:00:00-04:00";null
"Average sig_stre";"2021-04-06T20:00:00-04:00";null
"Average sig_stre";"2021-04-07T20:00:00-04:00";null
"Average sig_stre";"2021-04-08T20:00:00-04:00";null
"Average sig_stre";"2021-04-09T20:00:00-04:00";null
"Average sig_stre";"2021-04-10T20:00:00-04:00";null
"Average sig_stre";"2021-04-11T20:00:00-04:00";null
"Average sig_stre";"2021-04-12T20:00:00-04:00";null
"Average sig_stre";"2021-04-13T20:00:00-04:00";null
"Average sig_stre";"2021-04-14T20:00:00-04:00";null
"Average sig_stre";"2021-04-15T20:00:00-04:00";null
"Average sig_stre";"2021-04-16T20:00:00-04:00";null
"Average sig_stre";"2021-04-17T20:00:00-04:00";null
"Average sig_stre";"2021-04-18T20:00:00-04:00";null
"Average sig_stre";"2021-04-19T20:00:00-04:00";null
"Average sig_stre";"2021-04-20T20:00:00-04:00";null
"Average sig_stre";"2021-04-21T20:00:00-04:00";null
"Average sig_stre";"2021-04-22T20:00:00-04:00";null
"Average sig_stre";"2021-04-23T20:00:00-04:00";null
"Average sig_stre";"2021-04-24T20:00:00-04:00";null
"Average sig_stre";"2021-04-25T20:00:00-04:00";null
"Average sig_stre";"2021-04-26T20:00:00-04:00";null
"Average sig_stre";"2021-04-27T20:00:00-04:00";null
"Average sig_stre";"2021-04-28T20:00:00-04:00";null
"Average sig_stre";"2021-04-29T20:00:00-04:00";null
"Average sig_stre";"2021-04-30T20:00:00-04:00";null
"Average sig_stre";"2021-05-01T20:00:00-04:00";null
"Average sig_stre";"2021-05-02T20:00:00-04:00";null
"Average sig_stre";"2021-05-03T20:00:00-04:00";null
"Average sig_stre";"2021-05-04T20:00:00-04:00";null
"Average sig_stre";"2021-05-05T20:00:00-04:00";null
"Average sig_stre";"2021-05-06T20:00:00-04:00";null
"Average sig_stre";"2021-05-07T20:00:00-04:00";null